parent_node_id	current_node_id	parent_accs	current_node_accs	parent_node_param_string	current_node_param_string	is_gt
0	25	[0.52, 0.52, 0.52, 0.52, 0.52, 0.52, 0.52, 0.52, 0.52, 0.52]	[1.0, 1.0, 1.0, 1.0, 1.0, 1.0, 1.0, 1.0, 1.0, 1.0]	act1=relu,act2=relu,act3=softmax,batch_size=32,bi1=zeros,bi2=zeros,bi3=zeros,epochs=1,ki1=glorot_uniform,ki2=glorot_uniform,ki3=glorot_uniform,layer2=1,loss=binary_crossentropy,lr=0.001,optimizer=rmsprop	act1=relu,act2=relu,act3=relu,batch_size=32,bi1=zeros,bi2=zeros,bi3=zeros,epochs=1,ki1=glorot_uniform,ki2=glorot_uniform,ki3=glorot_uniform,layer2=1,loss=binary_crossentropy,lr=0.001,optimizer=rmsprop	True
0	26	[0.52, 0.52, 0.52, 0.52, 0.52, 0.52, 0.52, 0.52, 0.52, 0.52]	[1.0, 1.0, 1.0, 1.0, 1.0, 1.0, 1.0, 1.0, 1.0, 1.0]	act1=relu,act2=relu,act3=softmax,batch_size=32,bi1=zeros,bi2=zeros,bi3=zeros,epochs=1,ki1=glorot_uniform,ki2=glorot_uniform,ki3=glorot_uniform,layer2=1,loss=binary_crossentropy,lr=0.001,optimizer=rmsprop	act1=relu,act2=relu,act3=sigmoid,batch_size=32,bi1=zeros,bi2=zeros,bi3=zeros,epochs=1,ki1=glorot_uniform,ki2=glorot_uniform,ki3=glorot_uniform,layer2=1,loss=binary_crossentropy,lr=0.001,optimizer=rmsprop	True
25	53	[1.0, 1.0, 1.0, 1.0, 1.0, 1.0, 1.0, 1.0, 1.0, 1.0]	[1.0, 1.0, 1.0, 1.0, 1.0, 1.0, 1.0, 1.0, 1.0, 1.0]	act1=relu,act2=relu,act3=relu,batch_size=32,bi1=zeros,bi2=zeros,bi3=zeros,epochs=1,ki1=glorot_uniform,ki2=glorot_uniform,ki3=glorot_uniform,layer2=1,loss=binary_crossentropy,lr=0.001,optimizer=rmsprop	act1=relu,act2=relu,act3=relu,batch_size=32,bi1=zeros,bi2=zeros,bi3=zeros,epochs=1,ki1=he_normal,ki2=glorot_uniform,ki3=glorot_uniform,layer2=1,loss=binary_crossentropy,lr=0.001,optimizer=rmsprop	True
25	54	[1.0, 1.0, 1.0, 1.0, 1.0, 1.0, 1.0, 1.0, 1.0, 1.0]	[1.0, 1.0, 1.0, 1.0, 1.0, 1.0, 1.0, 1.0, 1.0, 1.0]	act1=relu,act2=relu,act3=relu,batch_size=32,bi1=zeros,bi2=zeros,bi3=zeros,epochs=1,ki1=glorot_uniform,ki2=glorot_uniform,ki3=glorot_uniform,layer2=1,loss=binary_crossentropy,lr=0.001,optimizer=rmsprop	act1=relu,act2=relu,act3=relu,batch_size=32,bi1=zeros,bi2=zeros,bi3=zeros,epochs=1,ki1=glorot_normal,ki2=glorot_uniform,ki3=glorot_uniform,layer2=1,loss=binary_crossentropy,lr=0.001,optimizer=rmsprop	True
25	55	[1.0, 1.0, 1.0, 1.0, 1.0, 1.0, 1.0, 1.0, 1.0, 1.0]	[1.0, 1.0, 1.0, 1.0, 1.0, 1.0, 1.0, 1.0, 1.0, 1.0]	act1=relu,act2=relu,act3=relu,batch_size=32,bi1=zeros,bi2=zeros,bi3=zeros,epochs=1,ki1=glorot_uniform,ki2=glorot_uniform,ki3=glorot_uniform,layer2=1,loss=binary_crossentropy,lr=0.001,optimizer=rmsprop	act1=relu,act2=relu,act3=relu,batch_size=32,bi1=zeros,bi2=zeros,bi3=zeros,epochs=1,ki1=random_normal,ki2=glorot_uniform,ki3=glorot_uniform,layer2=1,loss=binary_crossentropy,lr=0.001,optimizer=rmsprop	True
25	56	[1.0, 1.0, 1.0, 1.0, 1.0, 1.0, 1.0, 1.0, 1.0, 1.0]	[1.0, 1.0, 1.0, 1.0, 1.0, 1.0, 1.0, 1.0, 1.0, 1.0]	act1=relu,act2=relu,act3=relu,batch_size=32,bi1=zeros,bi2=zeros,bi3=zeros,epochs=1,ki1=glorot_uniform,ki2=glorot_uniform,ki3=glorot_uniform,layer2=1,loss=binary_crossentropy,lr=0.001,optimizer=rmsprop	act1=relu,act2=relu,act3=relu,batch_size=32,bi1=zeros,bi2=zeros,bi3=zeros,epochs=1,ki1=glorot_uniform,ki2=he_normal,ki3=glorot_uniform,layer2=1,loss=binary_crossentropy,lr=0.001,optimizer=rmsprop	True
25	57	[1.0, 1.0, 1.0, 1.0, 1.0, 1.0, 1.0, 1.0, 1.0, 1.0]	[1.0, 1.0, 1.0, 1.0, 1.0, 1.0, 1.0, 1.0, 1.0, 1.0]	act1=relu,act2=relu,act3=relu,batch_size=32,bi1=zeros,bi2=zeros,bi3=zeros,epochs=1,ki1=glorot_uniform,ki2=glorot_uniform,ki3=glorot_uniform,layer2=1,loss=binary_crossentropy,lr=0.001,optimizer=rmsprop	act1=relu,act2=relu,act3=relu,batch_size=32,bi1=zeros,bi2=zeros,bi3=zeros,epochs=1,ki1=glorot_uniform,ki2=glorot_normal,ki3=glorot_uniform,layer2=1,loss=binary_crossentropy,lr=0.001,optimizer=rmsprop	True
25	58	[1.0, 1.0, 1.0, 1.0, 1.0, 1.0, 1.0, 1.0, 1.0, 1.0]	[1.0, 1.0, 1.0, 1.0, 1.0, 1.0, 1.0, 1.0, 1.0, 1.0]	act1=relu,act2=relu,act3=relu,batch_size=32,bi1=zeros,bi2=zeros,bi3=zeros,epochs=1,ki1=glorot_uniform,ki2=glorot_uniform,ki3=glorot_uniform,layer2=1,loss=binary_crossentropy,lr=0.001,optimizer=rmsprop	act1=relu,act2=relu,act3=relu,batch_size=32,bi1=zeros,bi2=zeros,bi3=zeros,epochs=1,ki1=glorot_uniform,ki2=random_normal,ki3=glorot_uniform,layer2=1,loss=binary_crossentropy,lr=0.001,optimizer=rmsprop	True
25	59	[1.0, 1.0, 1.0, 1.0, 1.0, 1.0, 1.0, 1.0, 1.0, 1.0]	[1.0, 1.0, 1.0, 1.0, 1.0, 1.0, 1.0, 1.0, 1.0, 1.0]	act1=relu,act2=relu,act3=relu,batch_size=32,bi1=zeros,bi2=zeros,bi3=zeros,epochs=1,ki1=glorot_uniform,ki2=glorot_uniform,ki3=glorot_uniform,layer2=1,loss=binary_crossentropy,lr=0.001,optimizer=rmsprop	act1=relu,act2=relu,act3=relu,batch_size=32,bi1=zeros,bi2=zeros,bi3=zeros,epochs=1,ki1=glorot_uniform,ki2=glorot_uniform,ki3=he_normal,layer2=1,loss=binary_crossentropy,lr=0.001,optimizer=rmsprop	True
25	60	[1.0, 1.0, 1.0, 1.0, 1.0, 1.0, 1.0, 1.0, 1.0, 1.0]	[1.0, 1.0, 1.0, 1.0, 1.0, 1.0, 1.0, 1.0, 1.0, 1.0]	act1=relu,act2=relu,act3=relu,batch_size=32,bi1=zeros,bi2=zeros,bi3=zeros,epochs=1,ki1=glorot_uniform,ki2=glorot_uniform,ki3=glorot_uniform,layer2=1,loss=binary_crossentropy,lr=0.001,optimizer=rmsprop	act1=relu,act2=relu,act3=relu,batch_size=32,bi1=zeros,bi2=zeros,bi3=zeros,epochs=1,ki1=glorot_uniform,ki2=glorot_uniform,ki3=glorot_normal,layer2=1,loss=binary_crossentropy,lr=0.001,optimizer=rmsprop	True
25	61	[1.0, 1.0, 1.0, 1.0, 1.0, 1.0, 1.0, 1.0, 1.0, 1.0]	[1.0, 1.0, 1.0, 1.0, 1.0, 1.0, 1.0, 1.0, 1.0, 1.0]	act1=relu,act2=relu,act3=relu,batch_size=32,bi1=zeros,bi2=zeros,bi3=zeros,epochs=1,ki1=glorot_uniform,ki2=glorot_uniform,ki3=glorot_uniform,layer2=1,loss=binary_crossentropy,lr=0.001,optimizer=rmsprop	act1=relu,act2=relu,act3=relu,batch_size=32,bi1=zeros,bi2=zeros,bi3=zeros,epochs=1,ki1=glorot_uniform,ki2=glorot_uniform,ki3=random_normal,layer2=1,loss=binary_crossentropy,lr=0.001,optimizer=rmsprop	True
25	62	[1.0, 1.0, 1.0, 1.0, 1.0, 1.0, 1.0, 1.0, 1.0, 1.0]	[1.0, 1.0, 1.0, 1.0, 1.0, 1.0, 1.0, 1.0, 1.0, 1.0]	act1=relu,act2=relu,act3=relu,batch_size=32,bi1=zeros,bi2=zeros,bi3=zeros,epochs=1,ki1=glorot_uniform,ki2=glorot_uniform,ki3=glorot_uniform,layer2=1,loss=binary_crossentropy,lr=0.001,optimizer=rmsprop	act1=relu,act2=relu,act3=relu,batch_size=32,bi1=he_normal,bi2=zeros,bi3=zeros,epochs=1,ki1=glorot_uniform,ki2=glorot_uniform,ki3=glorot_uniform,layer2=1,loss=binary_crossentropy,lr=0.001,optimizer=rmsprop	True
25	63	[1.0, 1.0, 1.0, 1.0, 1.0, 1.0, 1.0, 1.0, 1.0, 1.0]	[1.0, 1.0, 1.0, 1.0, 1.0, 1.0, 1.0, 1.0, 1.0, 1.0]	act1=relu,act2=relu,act3=relu,batch_size=32,bi1=zeros,bi2=zeros,bi3=zeros,epochs=1,ki1=glorot_uniform,ki2=glorot_uniform,ki3=glorot_uniform,layer2=1,loss=binary_crossentropy,lr=0.001,optimizer=rmsprop	act1=relu,act2=relu,act3=relu,batch_size=32,bi1=glorot_normal,bi2=zeros,bi3=zeros,epochs=1,ki1=glorot_uniform,ki2=glorot_uniform,ki3=glorot_uniform,layer2=1,loss=binary_crossentropy,lr=0.001,optimizer=rmsprop	True
25	64	[1.0, 1.0, 1.0, 1.0, 1.0, 1.0, 1.0, 1.0, 1.0, 1.0]	[1.0, 1.0, 1.0, 1.0, 1.0, 1.0, 1.0, 1.0, 1.0, 1.0]	act1=relu,act2=relu,act3=relu,batch_size=32,bi1=zeros,bi2=zeros,bi3=zeros,epochs=1,ki1=glorot_uniform,ki2=glorot_uniform,ki3=glorot_uniform,layer2=1,loss=binary_crossentropy,lr=0.001,optimizer=rmsprop	act1=relu,act2=relu,act3=relu,batch_size=32,bi1=random_normal,bi2=zeros,bi3=zeros,epochs=1,ki1=glorot_uniform,ki2=glorot_uniform,ki3=glorot_uniform,layer2=1,loss=binary_crossentropy,lr=0.001,optimizer=rmsprop	True
25	65	[1.0, 1.0, 1.0, 1.0, 1.0, 1.0, 1.0, 1.0, 1.0, 1.0]	[1.0, 1.0, 1.0, 1.0, 1.0, 1.0, 1.0, 1.0, 1.0, 1.0]	act1=relu,act2=relu,act3=relu,batch_size=32,bi1=zeros,bi2=zeros,bi3=zeros,epochs=1,ki1=glorot_uniform,ki2=glorot_uniform,ki3=glorot_uniform,layer2=1,loss=binary_crossentropy,lr=0.001,optimizer=rmsprop	act1=relu,act2=relu,act3=relu,batch_size=32,bi1=zeros,bi2=he_normal,bi3=zeros,epochs=1,ki1=glorot_uniform,ki2=glorot_uniform,ki3=glorot_uniform,layer2=1,loss=binary_crossentropy,lr=0.001,optimizer=rmsprop	True
25	66	[1.0, 1.0, 1.0, 1.0, 1.0, 1.0, 1.0, 1.0, 1.0, 1.0]	[1.0, 1.0, 1.0, 1.0, 1.0, 1.0, 1.0, 1.0, 1.0, 1.0]	act1=relu,act2=relu,act3=relu,batch_size=32,bi1=zeros,bi2=zeros,bi3=zeros,epochs=1,ki1=glorot_uniform,ki2=glorot_uniform,ki3=glorot_uniform,layer2=1,loss=binary_crossentropy,lr=0.001,optimizer=rmsprop	act1=relu,act2=relu,act3=relu,batch_size=32,bi1=zeros,bi2=glorot_normal,bi3=zeros,epochs=1,ki1=glorot_uniform,ki2=glorot_uniform,ki3=glorot_uniform,layer2=1,loss=binary_crossentropy,lr=0.001,optimizer=rmsprop	True
25	67	[1.0, 1.0, 1.0, 1.0, 1.0, 1.0, 1.0, 1.0, 1.0, 1.0]	[1.0, 1.0, 1.0, 1.0, 1.0, 1.0, 1.0, 1.0, 1.0, 1.0]	act1=relu,act2=relu,act3=relu,batch_size=32,bi1=zeros,bi2=zeros,bi3=zeros,epochs=1,ki1=glorot_uniform,ki2=glorot_uniform,ki3=glorot_uniform,layer2=1,loss=binary_crossentropy,lr=0.001,optimizer=rmsprop	act1=relu,act2=relu,act3=relu,batch_size=32,bi1=zeros,bi2=random_normal,bi3=zeros,epochs=1,ki1=glorot_uniform,ki2=glorot_uniform,ki3=glorot_uniform,layer2=1,loss=binary_crossentropy,lr=0.001,optimizer=rmsprop	True
25	70	[1.0, 1.0, 1.0, 1.0, 1.0, 1.0, 1.0, 1.0, 1.0, 1.0]	[1.0, 1.0, 1.0, 1.0, 1.0, 1.0, 1.0, 1.0, 1.0, 1.0]	act1=relu,act2=relu,act3=relu,batch_size=32,bi1=zeros,bi2=zeros,bi3=zeros,epochs=1,ki1=glorot_uniform,ki2=glorot_uniform,ki3=glorot_uniform,layer2=1,loss=binary_crossentropy,lr=0.001,optimizer=rmsprop	act1=relu,act2=relu,act3=relu,batch_size=32,bi1=zeros,bi2=zeros,bi3=random_normal,epochs=1,ki1=glorot_uniform,ki2=glorot_uniform,ki3=glorot_uniform,layer2=1,loss=binary_crossentropy,lr=0.001,optimizer=rmsprop	True
25	71	[1.0, 1.0, 1.0, 1.0, 1.0, 1.0, 1.0, 1.0, 1.0, 1.0]	[1.0, 1.0, 1.0, 1.0, 1.0, 1.0, 1.0, 1.0, 1.0, 1.0]	act1=relu,act2=relu,act3=relu,batch_size=32,bi1=zeros,bi2=zeros,bi3=zeros,epochs=1,ki1=glorot_uniform,ki2=glorot_uniform,ki3=glorot_uniform,layer2=1,loss=binary_crossentropy,lr=0.001,optimizer=rmsprop	act1=sigmoid,act2=relu,act3=relu,batch_size=32,bi1=zeros,bi2=zeros,bi3=zeros,epochs=1,ki1=glorot_uniform,ki2=glorot_uniform,ki3=glorot_uniform,layer2=1,loss=binary_crossentropy,lr=0.001,optimizer=rmsprop	True
25	72	[1.0, 1.0, 1.0, 1.0, 1.0, 1.0, 1.0, 1.0, 1.0, 1.0]	[1.0, 1.0, 1.0, 1.0, 1.0, 1.0, 1.0, 1.0, 1.0, 1.0]	act1=relu,act2=relu,act3=relu,batch_size=32,bi1=zeros,bi2=zeros,bi3=zeros,epochs=1,ki1=glorot_uniform,ki2=glorot_uniform,ki3=glorot_uniform,layer2=1,loss=binary_crossentropy,lr=0.001,optimizer=rmsprop	act1=exponential,act2=relu,act3=relu,batch_size=32,bi1=zeros,bi2=zeros,bi3=zeros,epochs=1,ki1=glorot_uniform,ki2=glorot_uniform,ki3=glorot_uniform,layer2=1,loss=binary_crossentropy,lr=0.001,optimizer=rmsprop	True
25	73	[1.0, 1.0, 1.0, 1.0, 1.0, 1.0, 1.0, 1.0, 1.0, 1.0]	[1.0, 1.0, 1.0, 1.0, 1.0, 1.0, 1.0, 1.0, 1.0, 1.0]	act1=relu,act2=relu,act3=relu,batch_size=32,bi1=zeros,bi2=zeros,bi3=zeros,epochs=1,ki1=glorot_uniform,ki2=glorot_uniform,ki3=glorot_uniform,layer2=1,loss=binary_crossentropy,lr=0.001,optimizer=rmsprop	act1=softmax,act2=relu,act3=relu,batch_size=32,bi1=zeros,bi2=zeros,bi3=zeros,epochs=1,ki1=glorot_uniform,ki2=glorot_uniform,ki3=glorot_uniform,layer2=1,loss=binary_crossentropy,lr=0.001,optimizer=rmsprop	True
25	74	[1.0, 1.0, 1.0, 1.0, 1.0, 1.0, 1.0, 1.0, 1.0, 1.0]	[1.0, 1.0, 1.0, 1.0, 1.0, 1.0, 1.0, 1.0, 1.0, 1.0]	act1=relu,act2=relu,act3=relu,batch_size=32,bi1=zeros,bi2=zeros,bi3=zeros,epochs=1,ki1=glorot_uniform,ki2=glorot_uniform,ki3=glorot_uniform,layer2=1,loss=binary_crossentropy,lr=0.001,optimizer=rmsprop	act1=relu,act2=sigmoid,act3=relu,batch_size=32,bi1=zeros,bi2=zeros,bi3=zeros,epochs=1,ki1=glorot_uniform,ki2=glorot_uniform,ki3=glorot_uniform,layer2=1,loss=binary_crossentropy,lr=0.001,optimizer=rmsprop	True
25	75	[1.0, 1.0, 1.0, 1.0, 1.0, 1.0, 1.0, 1.0, 1.0, 1.0]	[1.0, 1.0, 1.0, 1.0, 1.0, 1.0, 1.0, 1.0, 1.0, 1.0]	act1=relu,act2=relu,act3=relu,batch_size=32,bi1=zeros,bi2=zeros,bi3=zeros,epochs=1,ki1=glorot_uniform,ki2=glorot_uniform,ki3=glorot_uniform,layer2=1,loss=binary_crossentropy,lr=0.001,optimizer=rmsprop	act1=relu,act2=exponential,act3=relu,batch_size=32,bi1=zeros,bi2=zeros,bi3=zeros,epochs=1,ki1=glorot_uniform,ki2=glorot_uniform,ki3=glorot_uniform,layer2=1,loss=binary_crossentropy,lr=0.001,optimizer=rmsprop	True
25	76	[1.0, 1.0, 1.0, 1.0, 1.0, 1.0, 1.0, 1.0, 1.0, 1.0]	[1.0, 1.0, 1.0, 1.0, 1.0, 1.0, 1.0, 1.0, 1.0, 1.0]	act1=relu,act2=relu,act3=relu,batch_size=32,bi1=zeros,bi2=zeros,bi3=zeros,epochs=1,ki1=glorot_uniform,ki2=glorot_uniform,ki3=glorot_uniform,layer2=1,loss=binary_crossentropy,lr=0.001,optimizer=rmsprop	act1=relu,act2=softmax,act3=relu,batch_size=32,bi1=zeros,bi2=zeros,bi3=zeros,epochs=1,ki1=glorot_uniform,ki2=glorot_uniform,ki3=glorot_uniform,layer2=1,loss=binary_crossentropy,lr=0.001,optimizer=rmsprop	True
25	77	[1.0, 1.0, 1.0, 1.0, 1.0, 1.0, 1.0, 1.0, 1.0, 1.0]	[1.0, 1.0, 1.0, 1.0, 1.0, 1.0, 1.0, 1.0, 1.0, 1.0]	act1=relu,act2=relu,act3=relu,batch_size=32,bi1=zeros,bi2=zeros,bi3=zeros,epochs=1,ki1=glorot_uniform,ki2=glorot_uniform,ki3=glorot_uniform,layer2=1,loss=binary_crossentropy,lr=0.001,optimizer=rmsprop	act1=relu,act2=relu,act3=relu,batch_size=32,bi1=zeros,bi2=zeros,bi3=zeros,epochs=1,ki1=glorot_uniform,ki2=glorot_uniform,ki3=glorot_uniform,layer2=0,loss=binary_crossentropy,lr=0.001,optimizer=rmsprop	True
25	78	[1.0, 1.0, 1.0, 1.0, 1.0, 1.0, 1.0, 1.0, 1.0, 1.0]	[1.0, 1.0, 1.0, 1.0, 1.0, 1.0, 1.0, 1.0, 1.0, 1.0]	act1=relu,act2=relu,act3=relu,batch_size=32,bi1=zeros,bi2=zeros,bi3=zeros,epochs=1,ki1=glorot_uniform,ki2=glorot_uniform,ki3=glorot_uniform,layer2=1,loss=binary_crossentropy,lr=0.001,optimizer=rmsprop	act1=relu,act2=relu,act3=relu,batch_size=32,bi1=zeros,bi2=zeros,bi3=zeros,epochs=1,ki1=glorot_uniform,ki2=glorot_uniform,ki3=glorot_uniform,layer2=2,loss=binary_crossentropy,lr=0.001,optimizer=rmsprop	True
25	79	[1.0, 1.0, 1.0, 1.0, 1.0, 1.0, 1.0, 1.0, 1.0, 1.0]	[1.0, 1.0, 1.0, 1.0, 1.0, 1.0, 1.0, 1.0, 1.0, 1.0]	act1=relu,act2=relu,act3=relu,batch_size=32,bi1=zeros,bi2=zeros,bi3=zeros,epochs=1,ki1=glorot_uniform,ki2=glorot_uniform,ki3=glorot_uniform,layer2=1,loss=binary_crossentropy,lr=0.001,optimizer=rmsprop	act1=relu,act2=relu,act3=relu,batch_size=32,bi1=zeros,bi2=zeros,bi3=zeros,epochs=1,ki1=glorot_uniform,ki2=glorot_uniform,ki3=glorot_uniform,layer2=1,loss=mean_squared_error,lr=0.001,optimizer=rmsprop	True
25	80	[1.0, 1.0, 1.0, 1.0, 1.0, 1.0, 1.0, 1.0, 1.0, 1.0]	[1.0, 1.0, 1.0, 1.0, 1.0, 1.0, 1.0, 1.0, 1.0, 1.0]	act1=relu,act2=relu,act3=relu,batch_size=32,bi1=zeros,bi2=zeros,bi3=zeros,epochs=1,ki1=glorot_uniform,ki2=glorot_uniform,ki3=glorot_uniform,layer2=1,loss=binary_crossentropy,lr=0.001,optimizer=rmsprop	act1=relu,act2=relu,act3=relu,batch_size=32,bi1=zeros,bi2=zeros,bi3=zeros,epochs=1,ki1=glorot_uniform,ki2=glorot_uniform,ki3=glorot_uniform,layer2=1,loss=mean_absolute_error,lr=0.001,optimizer=rmsprop	True
25	81	[1.0, 1.0, 1.0, 1.0, 1.0, 1.0, 1.0, 1.0, 1.0, 1.0]	[1.0, 1.0, 1.0, 1.0, 1.0, 1.0, 1.0, 1.0, 1.0, 1.0]	act1=relu,act2=relu,act3=relu,batch_size=32,bi1=zeros,bi2=zeros,bi3=zeros,epochs=1,ki1=glorot_uniform,ki2=glorot_uniform,ki3=glorot_uniform,layer2=1,loss=binary_crossentropy,lr=0.001,optimizer=rmsprop	act1=relu,act2=relu,act3=relu,batch_size=32,bi1=zeros,bi2=zeros,bi3=zeros,epochs=1,ki1=glorot_uniform,ki2=glorot_uniform,ki3=glorot_uniform,layer2=1,loss=mean_absolute_percentage_error,lr=0.001,optimizer=rmsprop	True
25	82	[1.0, 1.0, 1.0, 1.0, 1.0, 1.0, 1.0, 1.0, 1.0, 1.0]	[1.0, 1.0, 1.0, 1.0, 1.0, 1.0, 1.0, 1.0, 1.0, 1.0]	act1=relu,act2=relu,act3=relu,batch_size=32,bi1=zeros,bi2=zeros,bi3=zeros,epochs=1,ki1=glorot_uniform,ki2=glorot_uniform,ki3=glorot_uniform,layer2=1,loss=binary_crossentropy,lr=0.001,optimizer=rmsprop	act1=relu,act2=relu,act3=relu,batch_size=32,bi1=zeros,bi2=zeros,bi3=zeros,epochs=1,ki1=glorot_uniform,ki2=glorot_uniform,ki3=glorot_uniform,layer2=1,loss=mean_squared_logarithmic_error,lr=0.001,optimizer=rmsprop	True
25	83	[1.0, 1.0, 1.0, 1.0, 1.0, 1.0, 1.0, 1.0, 1.0, 1.0]	[1.0, 1.0, 1.0, 1.0, 1.0, 1.0, 1.0, 1.0, 1.0, 1.0]	act1=relu,act2=relu,act3=relu,batch_size=32,bi1=zeros,bi2=zeros,bi3=zeros,epochs=1,ki1=glorot_uniform,ki2=glorot_uniform,ki3=glorot_uniform,layer2=1,loss=binary_crossentropy,lr=0.001,optimizer=rmsprop	act1=relu,act2=relu,act3=relu,batch_size=32,bi1=zeros,bi2=zeros,bi3=zeros,epochs=1,ki1=glorot_uniform,ki2=glorot_uniform,ki3=glorot_uniform,layer2=1,loss=squared_hinge,lr=0.001,optimizer=rmsprop	True
25	84	[1.0, 1.0, 1.0, 1.0, 1.0, 1.0, 1.0, 1.0, 1.0, 1.0]	[1.0, 1.0, 1.0, 1.0, 1.0, 1.0, 1.0, 1.0, 1.0, 1.0]	act1=relu,act2=relu,act3=relu,batch_size=32,bi1=zeros,bi2=zeros,bi3=zeros,epochs=1,ki1=glorot_uniform,ki2=glorot_uniform,ki3=glorot_uniform,layer2=1,loss=binary_crossentropy,lr=0.001,optimizer=rmsprop	act1=relu,act2=relu,act3=relu,batch_size=32,bi1=zeros,bi2=zeros,bi3=zeros,epochs=1,ki1=glorot_uniform,ki2=glorot_uniform,ki3=glorot_uniform,layer2=1,loss=hinge,lr=0.001,optimizer=rmsprop	True
25	85	[1.0, 1.0, 1.0, 1.0, 1.0, 1.0, 1.0, 1.0, 1.0, 1.0]	[1.0, 1.0, 1.0, 1.0, 1.0, 1.0, 1.0, 1.0, 1.0, 1.0]	act1=relu,act2=relu,act3=relu,batch_size=32,bi1=zeros,bi2=zeros,bi3=zeros,epochs=1,ki1=glorot_uniform,ki2=glorot_uniform,ki3=glorot_uniform,layer2=1,loss=binary_crossentropy,lr=0.001,optimizer=rmsprop	act1=relu,act2=relu,act3=relu,batch_size=32,bi1=zeros,bi2=zeros,bi3=zeros,epochs=1,ki1=glorot_uniform,ki2=glorot_uniform,ki3=glorot_uniform,layer2=1,loss=categorical_hinge,lr=0.001,optimizer=rmsprop	True
25	86	[1.0, 1.0, 1.0, 1.0, 1.0, 1.0, 1.0, 1.0, 1.0, 1.0]	[1.0, 1.0, 1.0, 1.0, 1.0, 1.0, 1.0, 1.0, 1.0, 1.0]	act1=relu,act2=relu,act3=relu,batch_size=32,bi1=zeros,bi2=zeros,bi3=zeros,epochs=1,ki1=glorot_uniform,ki2=glorot_uniform,ki3=glorot_uniform,layer2=1,loss=binary_crossentropy,lr=0.001,optimizer=rmsprop	act1=relu,act2=relu,act3=relu,batch_size=32,bi1=zeros,bi2=zeros,bi3=zeros,epochs=1,ki1=glorot_uniform,ki2=glorot_uniform,ki3=glorot_uniform,layer2=1,loss=logcosh,lr=0.001,optimizer=rmsprop	True
25	90	[1.0, 1.0, 1.0, 1.0, 1.0, 1.0, 1.0, 1.0, 1.0, 1.0]	[1.0, 1.0, 1.0, 1.0, 1.0, 1.0, 1.0, 1.0, 1.0, 1.0]	act1=relu,act2=relu,act3=relu,batch_size=32,bi1=zeros,bi2=zeros,bi3=zeros,epochs=1,ki1=glorot_uniform,ki2=glorot_uniform,ki3=glorot_uniform,layer2=1,loss=binary_crossentropy,lr=0.001,optimizer=rmsprop	act1=relu,act2=relu,act3=relu,batch_size=32,bi1=zeros,bi2=zeros,bi3=zeros,epochs=1,ki1=glorot_uniform,ki2=glorot_uniform,ki3=glorot_uniform,layer2=1,loss=poisson,lr=0.001,optimizer=rmsprop	True
25	91	[1.0, 1.0, 1.0, 1.0, 1.0, 1.0, 1.0, 1.0, 1.0, 1.0]	[1.0, 1.0, 1.0, 1.0, 1.0, 1.0, 1.0, 1.0, 1.0, 1.0]	act1=relu,act2=relu,act3=relu,batch_size=32,bi1=zeros,bi2=zeros,bi3=zeros,epochs=1,ki1=glorot_uniform,ki2=glorot_uniform,ki3=glorot_uniform,layer2=1,loss=binary_crossentropy,lr=0.001,optimizer=rmsprop	act1=relu,act2=relu,act3=relu,batch_size=16,bi1=zeros,bi2=zeros,bi3=zeros,epochs=1,ki1=glorot_uniform,ki2=glorot_uniform,ki3=glorot_uniform,layer2=1,loss=binary_crossentropy,lr=0.001,optimizer=rmsprop	True
25	92	[1.0, 1.0, 1.0, 1.0, 1.0, 1.0, 1.0, 1.0, 1.0, 1.0]	[1.0, 1.0, 1.0, 1.0, 1.0, 1.0, 1.0, 1.0, 1.0, 1.0]	act1=relu,act2=relu,act3=relu,batch_size=32,bi1=zeros,bi2=zeros,bi3=zeros,epochs=1,ki1=glorot_uniform,ki2=glorot_uniform,ki3=glorot_uniform,layer2=1,loss=binary_crossentropy,lr=0.001,optimizer=rmsprop	act1=relu,act2=relu,act3=relu,batch_size=64,bi1=zeros,bi2=zeros,bi3=zeros,epochs=1,ki1=glorot_uniform,ki2=glorot_uniform,ki3=glorot_uniform,layer2=1,loss=binary_crossentropy,lr=0.001,optimizer=rmsprop	True
25	93	[1.0, 1.0, 1.0, 1.0, 1.0, 1.0, 1.0, 1.0, 1.0, 1.0]	[1.0, 1.0, 1.0, 1.0, 1.0, 1.0, 1.0, 1.0, 1.0, 1.0]	act1=relu,act2=relu,act3=relu,batch_size=32,bi1=zeros,bi2=zeros,bi3=zeros,epochs=1,ki1=glorot_uniform,ki2=glorot_uniform,ki3=glorot_uniform,layer2=1,loss=binary_crossentropy,lr=0.001,optimizer=rmsprop	act1=relu,act2=relu,act3=relu,batch_size=128,bi1=zeros,bi2=zeros,bi3=zeros,epochs=1,ki1=glorot_uniform,ki2=glorot_uniform,ki3=glorot_uniform,layer2=1,loss=binary_crossentropy,lr=0.001,optimizer=rmsprop	True
25	94	[1.0, 1.0, 1.0, 1.0, 1.0, 1.0, 1.0, 1.0, 1.0, 1.0]	[1.0, 1.0, 1.0, 1.0, 1.0, 1.0, 1.0, 1.0, 1.0, 1.0]	act1=relu,act2=relu,act3=relu,batch_size=32,bi1=zeros,bi2=zeros,bi3=zeros,epochs=1,ki1=glorot_uniform,ki2=glorot_uniform,ki3=glorot_uniform,layer2=1,loss=binary_crossentropy,lr=0.001,optimizer=rmsprop	act1=relu,act2=relu,act3=relu,batch_size=256,bi1=zeros,bi2=zeros,bi3=zeros,epochs=1,ki1=glorot_uniform,ki2=glorot_uniform,ki3=glorot_uniform,layer2=1,loss=binary_crossentropy,lr=0.001,optimizer=rmsprop	True
25	95	[1.0, 1.0, 1.0, 1.0, 1.0, 1.0, 1.0, 1.0, 1.0, 1.0]	[1.0, 1.0, 1.0, 1.0, 1.0, 1.0, 1.0, 1.0, 1.0, 1.0]	act1=relu,act2=relu,act3=relu,batch_size=32,bi1=zeros,bi2=zeros,bi3=zeros,epochs=1,ki1=glorot_uniform,ki2=glorot_uniform,ki3=glorot_uniform,layer2=1,loss=binary_crossentropy,lr=0.001,optimizer=rmsprop	act1=relu,act2=relu,act3=relu,batch_size=512,bi1=zeros,bi2=zeros,bi3=zeros,epochs=1,ki1=glorot_uniform,ki2=glorot_uniform,ki3=glorot_uniform,layer2=1,loss=binary_crossentropy,lr=0.001,optimizer=rmsprop	True
25	96	[1.0, 1.0, 1.0, 1.0, 1.0, 1.0, 1.0, 1.0, 1.0, 1.0]	[1.0, 1.0, 1.0, 1.0, 1.0, 1.0, 1.0, 1.0, 1.0, 1.0]	act1=relu,act2=relu,act3=relu,batch_size=32,bi1=zeros,bi2=zeros,bi3=zeros,epochs=1,ki1=glorot_uniform,ki2=glorot_uniform,ki3=glorot_uniform,layer2=1,loss=binary_crossentropy,lr=0.001,optimizer=rmsprop	act1=relu,act2=relu,act3=relu,batch_size=32,bi1=zeros,bi2=zeros,bi3=zeros,epochs=1,ki1=glorot_uniform,ki2=glorot_uniform,ki3=glorot_uniform,layer2=1,loss=binary_crossentropy,lr=0.001,optimizer=adamax	True
25	97	[1.0, 1.0, 1.0, 1.0, 1.0, 1.0, 1.0, 1.0, 1.0, 1.0]	[1.0, 1.0, 1.0, 1.0, 1.0, 1.0, 1.0, 1.0, 1.0, 1.0]	act1=relu,act2=relu,act3=relu,batch_size=32,bi1=zeros,bi2=zeros,bi3=zeros,epochs=1,ki1=glorot_uniform,ki2=glorot_uniform,ki3=glorot_uniform,layer2=1,loss=binary_crossentropy,lr=0.001,optimizer=rmsprop	act1=relu,act2=relu,act3=relu,batch_size=32,bi1=zeros,bi2=zeros,bi3=zeros,epochs=1,ki1=glorot_uniform,ki2=glorot_uniform,ki3=glorot_uniform,layer2=1,loss=binary_crossentropy,lr=0.001,optimizer=nadam	True
25	98	[1.0, 1.0, 1.0, 1.0, 1.0, 1.0, 1.0, 1.0, 1.0, 1.0]	[1.0, 1.0, 1.0, 1.0, 1.0, 1.0, 1.0, 1.0, 1.0, 1.0]	act1=relu,act2=relu,act3=relu,batch_size=32,bi1=zeros,bi2=zeros,bi3=zeros,epochs=1,ki1=glorot_uniform,ki2=glorot_uniform,ki3=glorot_uniform,layer2=1,loss=binary_crossentropy,lr=0.001,optimizer=rmsprop	act1=relu,act2=relu,act3=relu,batch_size=32,bi1=zeros,bi2=zeros,bi3=zeros,epochs=1,ki1=glorot_uniform,ki2=glorot_uniform,ki3=glorot_uniform,layer2=1,loss=binary_crossentropy,lr=0.001,optimizer=sgd	True
25	99	[1.0, 1.0, 1.0, 1.0, 1.0, 1.0, 1.0, 1.0, 1.0, 1.0]	[1.0, 1.0, 1.0, 1.0, 1.0, 1.0, 1.0, 1.0, 1.0, 1.0]	act1=relu,act2=relu,act3=relu,batch_size=32,bi1=zeros,bi2=zeros,bi3=zeros,epochs=1,ki1=glorot_uniform,ki2=glorot_uniform,ki3=glorot_uniform,layer2=1,loss=binary_crossentropy,lr=0.001,optimizer=rmsprop	act1=relu,act2=relu,act3=relu,batch_size=32,bi1=zeros,bi2=zeros,bi3=zeros,epochs=1,ki1=glorot_uniform,ki2=glorot_uniform,ki3=glorot_uniform,layer2=1,loss=binary_crossentropy,lr=0.01,optimizer=rmsprop	True
25	100	[1.0, 1.0, 1.0, 1.0, 1.0, 1.0, 1.0, 1.0, 1.0, 1.0]	[1.0, 1.0, 1.0, 1.0, 1.0, 1.0, 1.0, 1.0, 1.0, 1.0]	act1=relu,act2=relu,act3=relu,batch_size=32,bi1=zeros,bi2=zeros,bi3=zeros,epochs=1,ki1=glorot_uniform,ki2=glorot_uniform,ki3=glorot_uniform,layer2=1,loss=binary_crossentropy,lr=0.001,optimizer=rmsprop	act1=relu,act2=relu,act3=relu,batch_size=32,bi1=zeros,bi2=zeros,bi3=zeros,epochs=1,ki1=glorot_uniform,ki2=glorot_uniform,ki3=glorot_uniform,layer2=1,loss=binary_crossentropy,lr=0.0001,optimizer=rmsprop	True
25	101	[1.0, 1.0, 1.0, 1.0, 1.0, 1.0, 1.0, 1.0, 1.0, 1.0]	[1.0, 1.0, 1.0, 1.0, 1.0, 1.0, 1.0, 1.0, 1.0, 1.0]	act1=relu,act2=relu,act3=relu,batch_size=32,bi1=zeros,bi2=zeros,bi3=zeros,epochs=1,ki1=glorot_uniform,ki2=glorot_uniform,ki3=glorot_uniform,layer2=1,loss=binary_crossentropy,lr=0.001,optimizer=rmsprop	act1=relu,act2=relu,act3=relu,batch_size=32,bi1=zeros,bi2=zeros,bi3=zeros,epochs=2,ki1=glorot_uniform,ki2=glorot_uniform,ki3=glorot_uniform,layer2=1,loss=binary_crossentropy,lr=0.001,optimizer=rmsprop	True
26	102	[1.0, 1.0, 1.0, 1.0, 1.0, 1.0, 1.0, 1.0, 1.0, 1.0]	[1.0, 1.0, 1.0, 1.0, 1.0, 1.0, 1.0, 1.0, 1.0, 1.0]	act1=relu,act2=relu,act3=sigmoid,batch_size=32,bi1=zeros,bi2=zeros,bi3=zeros,epochs=1,ki1=glorot_uniform,ki2=glorot_uniform,ki3=glorot_uniform,layer2=1,loss=binary_crossentropy,lr=0.001,optimizer=rmsprop	act1=relu,act2=relu,act3=sigmoid,batch_size=32,bi1=zeros,bi2=zeros,bi3=zeros,epochs=1,ki1=he_normal,ki2=glorot_uniform,ki3=glorot_uniform,layer2=1,loss=binary_crossentropy,lr=0.001,optimizer=rmsprop	True
26	103	[1.0, 1.0, 1.0, 1.0, 1.0, 1.0, 1.0, 1.0, 1.0, 1.0]	[1.0, 1.0, 1.0, 1.0, 1.0, 1.0, 1.0, 1.0, 1.0, 1.0]	act1=relu,act2=relu,act3=sigmoid,batch_size=32,bi1=zeros,bi2=zeros,bi3=zeros,epochs=1,ki1=glorot_uniform,ki2=glorot_uniform,ki3=glorot_uniform,layer2=1,loss=binary_crossentropy,lr=0.001,optimizer=rmsprop	act1=relu,act2=relu,act3=sigmoid,batch_size=32,bi1=zeros,bi2=zeros,bi3=zeros,epochs=1,ki1=glorot_normal,ki2=glorot_uniform,ki3=glorot_uniform,layer2=1,loss=binary_crossentropy,lr=0.001,optimizer=rmsprop	True
26	104	[1.0, 1.0, 1.0, 1.0, 1.0, 1.0, 1.0, 1.0, 1.0, 1.0]	[1.0, 1.0, 1.0, 1.0, 1.0, 1.0, 1.0, 1.0, 1.0, 1.0]	act1=relu,act2=relu,act3=sigmoid,batch_size=32,bi1=zeros,bi2=zeros,bi3=zeros,epochs=1,ki1=glorot_uniform,ki2=glorot_uniform,ki3=glorot_uniform,layer2=1,loss=binary_crossentropy,lr=0.001,optimizer=rmsprop	act1=relu,act2=relu,act3=sigmoid,batch_size=32,bi1=zeros,bi2=zeros,bi3=zeros,epochs=1,ki1=random_normal,ki2=glorot_uniform,ki3=glorot_uniform,layer2=1,loss=binary_crossentropy,lr=0.001,optimizer=rmsprop	True
26	105	[1.0, 1.0, 1.0, 1.0, 1.0, 1.0, 1.0, 1.0, 1.0, 1.0]	[1.0, 1.0, 1.0, 1.0, 1.0, 1.0, 1.0, 1.0, 1.0, 1.0]	act1=relu,act2=relu,act3=sigmoid,batch_size=32,bi1=zeros,bi2=zeros,bi3=zeros,epochs=1,ki1=glorot_uniform,ki2=glorot_uniform,ki3=glorot_uniform,layer2=1,loss=binary_crossentropy,lr=0.001,optimizer=rmsprop	act1=relu,act2=relu,act3=sigmoid,batch_size=32,bi1=zeros,bi2=zeros,bi3=zeros,epochs=1,ki1=glorot_uniform,ki2=he_normal,ki3=glorot_uniform,layer2=1,loss=binary_crossentropy,lr=0.001,optimizer=rmsprop	True
26	106	[1.0, 1.0, 1.0, 1.0, 1.0, 1.0, 1.0, 1.0, 1.0, 1.0]	[1.0, 1.0, 1.0, 1.0, 1.0, 1.0, 1.0, 1.0, 1.0, 1.0]	act1=relu,act2=relu,act3=sigmoid,batch_size=32,bi1=zeros,bi2=zeros,bi3=zeros,epochs=1,ki1=glorot_uniform,ki2=glorot_uniform,ki3=glorot_uniform,layer2=1,loss=binary_crossentropy,lr=0.001,optimizer=rmsprop	act1=relu,act2=relu,act3=sigmoid,batch_size=32,bi1=zeros,bi2=zeros,bi3=zeros,epochs=1,ki1=glorot_uniform,ki2=glorot_normal,ki3=glorot_uniform,layer2=1,loss=binary_crossentropy,lr=0.001,optimizer=rmsprop	True
26	107	[1.0, 1.0, 1.0, 1.0, 1.0, 1.0, 1.0, 1.0, 1.0, 1.0]	[1.0, 1.0, 1.0, 1.0, 1.0, 1.0, 1.0, 1.0, 1.0, 1.0]	act1=relu,act2=relu,act3=sigmoid,batch_size=32,bi1=zeros,bi2=zeros,bi3=zeros,epochs=1,ki1=glorot_uniform,ki2=glorot_uniform,ki3=glorot_uniform,layer2=1,loss=binary_crossentropy,lr=0.001,optimizer=rmsprop	act1=relu,act2=relu,act3=sigmoid,batch_size=32,bi1=zeros,bi2=zeros,bi3=zeros,epochs=1,ki1=glorot_uniform,ki2=random_normal,ki3=glorot_uniform,layer2=1,loss=binary_crossentropy,lr=0.001,optimizer=rmsprop	True
26	108	[1.0, 1.0, 1.0, 1.0, 1.0, 1.0, 1.0, 1.0, 1.0, 1.0]	[1.0, 1.0, 1.0, 1.0, 1.0, 1.0, 1.0, 1.0, 1.0, 1.0]	act1=relu,act2=relu,act3=sigmoid,batch_size=32,bi1=zeros,bi2=zeros,bi3=zeros,epochs=1,ki1=glorot_uniform,ki2=glorot_uniform,ki3=glorot_uniform,layer2=1,loss=binary_crossentropy,lr=0.001,optimizer=rmsprop	act1=relu,act2=relu,act3=sigmoid,batch_size=32,bi1=zeros,bi2=zeros,bi3=zeros,epochs=1,ki1=glorot_uniform,ki2=glorot_uniform,ki3=he_normal,layer2=1,loss=binary_crossentropy,lr=0.001,optimizer=rmsprop	True
26	109	[1.0, 1.0, 1.0, 1.0, 1.0, 1.0, 1.0, 1.0, 1.0, 1.0]	[1.0, 1.0, 1.0, 1.0, 1.0, 1.0, 1.0, 1.0, 1.0, 1.0]	act1=relu,act2=relu,act3=sigmoid,batch_size=32,bi1=zeros,bi2=zeros,bi3=zeros,epochs=1,ki1=glorot_uniform,ki2=glorot_uniform,ki3=glorot_uniform,layer2=1,loss=binary_crossentropy,lr=0.001,optimizer=rmsprop	act1=relu,act2=relu,act3=sigmoid,batch_size=32,bi1=zeros,bi2=zeros,bi3=zeros,epochs=1,ki1=glorot_uniform,ki2=glorot_uniform,ki3=glorot_normal,layer2=1,loss=binary_crossentropy,lr=0.001,optimizer=rmsprop	True
26	110	[1.0, 1.0, 1.0, 1.0, 1.0, 1.0, 1.0, 1.0, 1.0, 1.0]	[1.0, 1.0, 1.0, 1.0, 1.0, 1.0, 1.0, 1.0, 1.0, 1.0]	act1=relu,act2=relu,act3=sigmoid,batch_size=32,bi1=zeros,bi2=zeros,bi3=zeros,epochs=1,ki1=glorot_uniform,ki2=glorot_uniform,ki3=glorot_uniform,layer2=1,loss=binary_crossentropy,lr=0.001,optimizer=rmsprop	act1=relu,act2=relu,act3=sigmoid,batch_size=32,bi1=zeros,bi2=zeros,bi3=zeros,epochs=1,ki1=glorot_uniform,ki2=glorot_uniform,ki3=random_normal,layer2=1,loss=binary_crossentropy,lr=0.001,optimizer=rmsprop	True
26	111	[1.0, 1.0, 1.0, 1.0, 1.0, 1.0, 1.0, 1.0, 1.0, 1.0]	[1.0, 1.0, 1.0, 1.0, 1.0, 1.0, 1.0, 1.0, 1.0, 1.0]	act1=relu,act2=relu,act3=sigmoid,batch_size=32,bi1=zeros,bi2=zeros,bi3=zeros,epochs=1,ki1=glorot_uniform,ki2=glorot_uniform,ki3=glorot_uniform,layer2=1,loss=binary_crossentropy,lr=0.001,optimizer=rmsprop	act1=relu,act2=relu,act3=sigmoid,batch_size=32,bi1=he_normal,bi2=zeros,bi3=zeros,epochs=1,ki1=glorot_uniform,ki2=glorot_uniform,ki3=glorot_uniform,layer2=1,loss=binary_crossentropy,lr=0.001,optimizer=rmsprop	True
26	112	[1.0, 1.0, 1.0, 1.0, 1.0, 1.0, 1.0, 1.0, 1.0, 1.0]	[1.0, 1.0, 1.0, 1.0, 1.0, 1.0, 1.0, 1.0, 1.0, 1.0]	act1=relu,act2=relu,act3=sigmoid,batch_size=32,bi1=zeros,bi2=zeros,bi3=zeros,epochs=1,ki1=glorot_uniform,ki2=glorot_uniform,ki3=glorot_uniform,layer2=1,loss=binary_crossentropy,lr=0.001,optimizer=rmsprop	act1=relu,act2=relu,act3=sigmoid,batch_size=32,bi1=glorot_normal,bi2=zeros,bi3=zeros,epochs=1,ki1=glorot_uniform,ki2=glorot_uniform,ki3=glorot_uniform,layer2=1,loss=binary_crossentropy,lr=0.001,optimizer=rmsprop	True
26	113	[1.0, 1.0, 1.0, 1.0, 1.0, 1.0, 1.0, 1.0, 1.0, 1.0]	[1.0, 1.0, 1.0, 1.0, 1.0, 1.0, 1.0, 1.0, 1.0, 1.0]	act1=relu,act2=relu,act3=sigmoid,batch_size=32,bi1=zeros,bi2=zeros,bi3=zeros,epochs=1,ki1=glorot_uniform,ki2=glorot_uniform,ki3=glorot_uniform,layer2=1,loss=binary_crossentropy,lr=0.001,optimizer=rmsprop	act1=relu,act2=relu,act3=sigmoid,batch_size=32,bi1=random_normal,bi2=zeros,bi3=zeros,epochs=1,ki1=glorot_uniform,ki2=glorot_uniform,ki3=glorot_uniform,layer2=1,loss=binary_crossentropy,lr=0.001,optimizer=rmsprop	True
26	114	[1.0, 1.0, 1.0, 1.0, 1.0, 1.0, 1.0, 1.0, 1.0, 1.0]	[1.0, 1.0, 1.0, 1.0, 1.0, 1.0, 1.0, 1.0, 1.0, 1.0]	act1=relu,act2=relu,act3=sigmoid,batch_size=32,bi1=zeros,bi2=zeros,bi3=zeros,epochs=1,ki1=glorot_uniform,ki2=glorot_uniform,ki3=glorot_uniform,layer2=1,loss=binary_crossentropy,lr=0.001,optimizer=rmsprop	act1=relu,act2=relu,act3=sigmoid,batch_size=32,bi1=zeros,bi2=he_normal,bi3=zeros,epochs=1,ki1=glorot_uniform,ki2=glorot_uniform,ki3=glorot_uniform,layer2=1,loss=binary_crossentropy,lr=0.001,optimizer=rmsprop	True
26	115	[1.0, 1.0, 1.0, 1.0, 1.0, 1.0, 1.0, 1.0, 1.0, 1.0]	[1.0, 1.0, 1.0, 1.0, 1.0, 1.0, 1.0, 1.0, 1.0, 1.0]	act1=relu,act2=relu,act3=sigmoid,batch_size=32,bi1=zeros,bi2=zeros,bi3=zeros,epochs=1,ki1=glorot_uniform,ki2=glorot_uniform,ki3=glorot_uniform,layer2=1,loss=binary_crossentropy,lr=0.001,optimizer=rmsprop	act1=relu,act2=relu,act3=sigmoid,batch_size=32,bi1=zeros,bi2=glorot_normal,bi3=zeros,epochs=1,ki1=glorot_uniform,ki2=glorot_uniform,ki3=glorot_uniform,layer2=1,loss=binary_crossentropy,lr=0.001,optimizer=rmsprop	True
26	116	[1.0, 1.0, 1.0, 1.0, 1.0, 1.0, 1.0, 1.0, 1.0, 1.0]	[1.0, 1.0, 1.0, 1.0, 1.0, 1.0, 1.0, 1.0, 1.0, 1.0]	act1=relu,act2=relu,act3=sigmoid,batch_size=32,bi1=zeros,bi2=zeros,bi3=zeros,epochs=1,ki1=glorot_uniform,ki2=glorot_uniform,ki3=glorot_uniform,layer2=1,loss=binary_crossentropy,lr=0.001,optimizer=rmsprop	act1=relu,act2=relu,act3=sigmoid,batch_size=32,bi1=zeros,bi2=random_normal,bi3=zeros,epochs=1,ki1=glorot_uniform,ki2=glorot_uniform,ki3=glorot_uniform,layer2=1,loss=binary_crossentropy,lr=0.001,optimizer=rmsprop	True
26	117	[1.0, 1.0, 1.0, 1.0, 1.0, 1.0, 1.0, 1.0, 1.0, 1.0]	[1.0, 1.0, 1.0, 1.0, 1.0, 1.0, 1.0, 1.0, 1.0, 1.0]	act1=relu,act2=relu,act3=sigmoid,batch_size=32,bi1=zeros,bi2=zeros,bi3=zeros,epochs=1,ki1=glorot_uniform,ki2=glorot_uniform,ki3=glorot_uniform,layer2=1,loss=binary_crossentropy,lr=0.001,optimizer=rmsprop	act1=relu,act2=relu,act3=sigmoid,batch_size=32,bi1=zeros,bi2=zeros,bi3=he_normal,epochs=1,ki1=glorot_uniform,ki2=glorot_uniform,ki3=glorot_uniform,layer2=1,loss=binary_crossentropy,lr=0.001,optimizer=rmsprop	True
26	118	[1.0, 1.0, 1.0, 1.0, 1.0, 1.0, 1.0, 1.0, 1.0, 1.0]	[1.0, 1.0, 1.0, 1.0, 1.0, 1.0, 1.0, 1.0, 1.0, 1.0]	act1=relu,act2=relu,act3=sigmoid,batch_size=32,bi1=zeros,bi2=zeros,bi3=zeros,epochs=1,ki1=glorot_uniform,ki2=glorot_uniform,ki3=glorot_uniform,layer2=1,loss=binary_crossentropy,lr=0.001,optimizer=rmsprop	act1=relu,act2=relu,act3=sigmoid,batch_size=32,bi1=zeros,bi2=zeros,bi3=glorot_normal,epochs=1,ki1=glorot_uniform,ki2=glorot_uniform,ki3=glorot_uniform,layer2=1,loss=binary_crossentropy,lr=0.001,optimizer=rmsprop	True
26	119	[1.0, 1.0, 1.0, 1.0, 1.0, 1.0, 1.0, 1.0, 1.0, 1.0]	[1.0, 1.0, 1.0, 1.0, 1.0, 1.0, 1.0, 1.0, 1.0, 1.0]	act1=relu,act2=relu,act3=sigmoid,batch_size=32,bi1=zeros,bi2=zeros,bi3=zeros,epochs=1,ki1=glorot_uniform,ki2=glorot_uniform,ki3=glorot_uniform,layer2=1,loss=binary_crossentropy,lr=0.001,optimizer=rmsprop	act1=relu,act2=relu,act3=sigmoid,batch_size=32,bi1=zeros,bi2=zeros,bi3=random_normal,epochs=1,ki1=glorot_uniform,ki2=glorot_uniform,ki3=glorot_uniform,layer2=1,loss=binary_crossentropy,lr=0.001,optimizer=rmsprop	True
26	120	[1.0, 1.0, 1.0, 1.0, 1.0, 1.0, 1.0, 1.0, 1.0, 1.0]	[1.0, 1.0, 1.0, 1.0, 1.0, 1.0, 1.0, 1.0, 1.0, 1.0]	act1=relu,act2=relu,act3=sigmoid,batch_size=32,bi1=zeros,bi2=zeros,bi3=zeros,epochs=1,ki1=glorot_uniform,ki2=glorot_uniform,ki3=glorot_uniform,layer2=1,loss=binary_crossentropy,lr=0.001,optimizer=rmsprop	act1=sigmoid,act2=relu,act3=sigmoid,batch_size=32,bi1=zeros,bi2=zeros,bi3=zeros,epochs=1,ki1=glorot_uniform,ki2=glorot_uniform,ki3=glorot_uniform,layer2=1,loss=binary_crossentropy,lr=0.001,optimizer=rmsprop	True
26	121	[1.0, 1.0, 1.0, 1.0, 1.0, 1.0, 1.0, 1.0, 1.0, 1.0]	[1.0, 1.0, 1.0, 1.0, 1.0, 1.0, 1.0, 1.0, 1.0, 1.0]	act1=relu,act2=relu,act3=sigmoid,batch_size=32,bi1=zeros,bi2=zeros,bi3=zeros,epochs=1,ki1=glorot_uniform,ki2=glorot_uniform,ki3=glorot_uniform,layer2=1,loss=binary_crossentropy,lr=0.001,optimizer=rmsprop	act1=exponential,act2=relu,act3=sigmoid,batch_size=32,bi1=zeros,bi2=zeros,bi3=zeros,epochs=1,ki1=glorot_uniform,ki2=glorot_uniform,ki3=glorot_uniform,layer2=1,loss=binary_crossentropy,lr=0.001,optimizer=rmsprop	True
26	122	[1.0, 1.0, 1.0, 1.0, 1.0, 1.0, 1.0, 1.0, 1.0, 1.0]	[1.0, 1.0, 1.0, 1.0, 1.0, 1.0, 1.0, 1.0, 1.0, 1.0]	act1=relu,act2=relu,act3=sigmoid,batch_size=32,bi1=zeros,bi2=zeros,bi3=zeros,epochs=1,ki1=glorot_uniform,ki2=glorot_uniform,ki3=glorot_uniform,layer2=1,loss=binary_crossentropy,lr=0.001,optimizer=rmsprop	act1=softmax,act2=relu,act3=sigmoid,batch_size=32,bi1=zeros,bi2=zeros,bi3=zeros,epochs=1,ki1=glorot_uniform,ki2=glorot_uniform,ki3=glorot_uniform,layer2=1,loss=binary_crossentropy,lr=0.001,optimizer=rmsprop	True
26	123	[1.0, 1.0, 1.0, 1.0, 1.0, 1.0, 1.0, 1.0, 1.0, 1.0]	[1.0, 1.0, 1.0, 1.0, 1.0, 1.0, 1.0, 1.0, 1.0, 1.0]	act1=relu,act2=relu,act3=sigmoid,batch_size=32,bi1=zeros,bi2=zeros,bi3=zeros,epochs=1,ki1=glorot_uniform,ki2=glorot_uniform,ki3=glorot_uniform,layer2=1,loss=binary_crossentropy,lr=0.001,optimizer=rmsprop	act1=relu,act2=sigmoid,act3=sigmoid,batch_size=32,bi1=zeros,bi2=zeros,bi3=zeros,epochs=1,ki1=glorot_uniform,ki2=glorot_uniform,ki3=glorot_uniform,layer2=1,loss=binary_crossentropy,lr=0.001,optimizer=rmsprop	True
26	124	[1.0, 1.0, 1.0, 1.0, 1.0, 1.0, 1.0, 1.0, 1.0, 1.0]	[1.0, 1.0, 1.0, 1.0, 1.0, 1.0, 1.0, 1.0, 1.0, 1.0]	act1=relu,act2=relu,act3=sigmoid,batch_size=32,bi1=zeros,bi2=zeros,bi3=zeros,epochs=1,ki1=glorot_uniform,ki2=glorot_uniform,ki3=glorot_uniform,layer2=1,loss=binary_crossentropy,lr=0.001,optimizer=rmsprop	act1=relu,act2=exponential,act3=sigmoid,batch_size=32,bi1=zeros,bi2=zeros,bi3=zeros,epochs=1,ki1=glorot_uniform,ki2=glorot_uniform,ki3=glorot_uniform,layer2=1,loss=binary_crossentropy,lr=0.001,optimizer=rmsprop	True
26	125	[1.0, 1.0, 1.0, 1.0, 1.0, 1.0, 1.0, 1.0, 1.0, 1.0]	[1.0, 1.0, 1.0, 1.0, 1.0, 1.0, 1.0, 1.0, 1.0, 1.0]	act1=relu,act2=relu,act3=sigmoid,batch_size=32,bi1=zeros,bi2=zeros,bi3=zeros,epochs=1,ki1=glorot_uniform,ki2=glorot_uniform,ki3=glorot_uniform,layer2=1,loss=binary_crossentropy,lr=0.001,optimizer=rmsprop	act1=relu,act2=softmax,act3=sigmoid,batch_size=32,bi1=zeros,bi2=zeros,bi3=zeros,epochs=1,ki1=glorot_uniform,ki2=glorot_uniform,ki3=glorot_uniform,layer2=1,loss=binary_crossentropy,lr=0.001,optimizer=rmsprop	True
26	126	[1.0, 1.0, 1.0, 1.0, 1.0, 1.0, 1.0, 1.0, 1.0, 1.0]	[1.0, 1.0, 1.0, 1.0, 1.0, 1.0, 1.0, 1.0, 1.0, 1.0]	act1=relu,act2=relu,act3=sigmoid,batch_size=32,bi1=zeros,bi2=zeros,bi3=zeros,epochs=1,ki1=glorot_uniform,ki2=glorot_uniform,ki3=glorot_uniform,layer2=1,loss=binary_crossentropy,lr=0.001,optimizer=rmsprop	act1=relu,act2=relu,act3=sigmoid,batch_size=32,bi1=zeros,bi2=zeros,bi3=zeros,epochs=1,ki1=glorot_uniform,ki2=glorot_uniform,ki3=glorot_uniform,layer2=0,loss=binary_crossentropy,lr=0.001,optimizer=rmsprop	True
26	127	[1.0, 1.0, 1.0, 1.0, 1.0, 1.0, 1.0, 1.0, 1.0, 1.0]	[1.0, 1.0, 1.0, 1.0, 1.0, 1.0, 1.0, 1.0, 1.0, 1.0]	act1=relu,act2=relu,act3=sigmoid,batch_size=32,bi1=zeros,bi2=zeros,bi3=zeros,epochs=1,ki1=glorot_uniform,ki2=glorot_uniform,ki3=glorot_uniform,layer2=1,loss=binary_crossentropy,lr=0.001,optimizer=rmsprop	act1=relu,act2=relu,act3=sigmoid,batch_size=32,bi1=zeros,bi2=zeros,bi3=zeros,epochs=1,ki1=glorot_uniform,ki2=glorot_uniform,ki3=glorot_uniform,layer2=2,loss=binary_crossentropy,lr=0.001,optimizer=rmsprop	True
26	128	[1.0, 1.0, 1.0, 1.0, 1.0, 1.0, 1.0, 1.0, 1.0, 1.0]	[1.0, 1.0, 1.0, 1.0, 1.0, 1.0, 1.0, 1.0, 1.0, 1.0]	act1=relu,act2=relu,act3=sigmoid,batch_size=32,bi1=zeros,bi2=zeros,bi3=zeros,epochs=1,ki1=glorot_uniform,ki2=glorot_uniform,ki3=glorot_uniform,layer2=1,loss=binary_crossentropy,lr=0.001,optimizer=rmsprop	act1=relu,act2=relu,act3=sigmoid,batch_size=32,bi1=zeros,bi2=zeros,bi3=zeros,epochs=1,ki1=glorot_uniform,ki2=glorot_uniform,ki3=glorot_uniform,layer2=1,loss=mean_squared_error,lr=0.001,optimizer=rmsprop	True
26	129	[1.0, 1.0, 1.0, 1.0, 1.0, 1.0, 1.0, 1.0, 1.0, 1.0]	[1.0, 1.0, 1.0, 1.0, 1.0, 1.0, 1.0, 1.0, 1.0, 1.0]	act1=relu,act2=relu,act3=sigmoid,batch_size=32,bi1=zeros,bi2=zeros,bi3=zeros,epochs=1,ki1=glorot_uniform,ki2=glorot_uniform,ki3=glorot_uniform,layer2=1,loss=binary_crossentropy,lr=0.001,optimizer=rmsprop	act1=relu,act2=relu,act3=sigmoid,batch_size=32,bi1=zeros,bi2=zeros,bi3=zeros,epochs=1,ki1=glorot_uniform,ki2=glorot_uniform,ki3=glorot_uniform,layer2=1,loss=mean_absolute_error,lr=0.001,optimizer=rmsprop	True
26	130	[1.0, 1.0, 1.0, 1.0, 1.0, 1.0, 1.0, 1.0, 1.0, 1.0]	[1.0, 1.0, 1.0, 1.0, 1.0, 1.0, 1.0, 1.0, 1.0, 1.0]	act1=relu,act2=relu,act3=sigmoid,batch_size=32,bi1=zeros,bi2=zeros,bi3=zeros,epochs=1,ki1=glorot_uniform,ki2=glorot_uniform,ki3=glorot_uniform,layer2=1,loss=binary_crossentropy,lr=0.001,optimizer=rmsprop	act1=relu,act2=relu,act3=sigmoid,batch_size=32,bi1=zeros,bi2=zeros,bi3=zeros,epochs=1,ki1=glorot_uniform,ki2=glorot_uniform,ki3=glorot_uniform,layer2=1,loss=mean_absolute_percentage_error,lr=0.001,optimizer=rmsprop	True
26	131	[1.0, 1.0, 1.0, 1.0, 1.0, 1.0, 1.0, 1.0, 1.0, 1.0]	[1.0, 1.0, 1.0, 1.0, 1.0, 1.0, 1.0, 1.0, 1.0, 1.0]	act1=relu,act2=relu,act3=sigmoid,batch_size=32,bi1=zeros,bi2=zeros,bi3=zeros,epochs=1,ki1=glorot_uniform,ki2=glorot_uniform,ki3=glorot_uniform,layer2=1,loss=binary_crossentropy,lr=0.001,optimizer=rmsprop	act1=relu,act2=relu,act3=sigmoid,batch_size=32,bi1=zeros,bi2=zeros,bi3=zeros,epochs=1,ki1=glorot_uniform,ki2=glorot_uniform,ki3=glorot_uniform,layer2=1,loss=mean_squared_logarithmic_error,lr=0.001,optimizer=rmsprop	True
26	132	[1.0, 1.0, 1.0, 1.0, 1.0, 1.0, 1.0, 1.0, 1.0, 1.0]	[1.0, 1.0, 1.0, 1.0, 1.0, 1.0, 1.0, 1.0, 1.0, 1.0]	act1=relu,act2=relu,act3=sigmoid,batch_size=32,bi1=zeros,bi2=zeros,bi3=zeros,epochs=1,ki1=glorot_uniform,ki2=glorot_uniform,ki3=glorot_uniform,layer2=1,loss=binary_crossentropy,lr=0.001,optimizer=rmsprop	act1=relu,act2=relu,act3=sigmoid,batch_size=32,bi1=zeros,bi2=zeros,bi3=zeros,epochs=1,ki1=glorot_uniform,ki2=glorot_uniform,ki3=glorot_uniform,layer2=1,loss=squared_hinge,lr=0.001,optimizer=rmsprop	True
26	133	[1.0, 1.0, 1.0, 1.0, 1.0, 1.0, 1.0, 1.0, 1.0, 1.0]	[1.0, 1.0, 1.0, 1.0, 1.0, 1.0, 1.0, 1.0, 1.0, 1.0]	act1=relu,act2=relu,act3=sigmoid,batch_size=32,bi1=zeros,bi2=zeros,bi3=zeros,epochs=1,ki1=glorot_uniform,ki2=glorot_uniform,ki3=glorot_uniform,layer2=1,loss=binary_crossentropy,lr=0.001,optimizer=rmsprop	act1=relu,act2=relu,act3=sigmoid,batch_size=32,bi1=zeros,bi2=zeros,bi3=zeros,epochs=1,ki1=glorot_uniform,ki2=glorot_uniform,ki3=glorot_uniform,layer2=1,loss=hinge,lr=0.001,optimizer=rmsprop	True
26	134	[1.0, 1.0, 1.0, 1.0, 1.0, 1.0, 1.0, 1.0, 1.0, 1.0]	[1.0, 1.0, 1.0, 1.0, 1.0, 1.0, 1.0, 1.0, 1.0, 1.0]	act1=relu,act2=relu,act3=sigmoid,batch_size=32,bi1=zeros,bi2=zeros,bi3=zeros,epochs=1,ki1=glorot_uniform,ki2=glorot_uniform,ki3=glorot_uniform,layer2=1,loss=binary_crossentropy,lr=0.001,optimizer=rmsprop	act1=relu,act2=relu,act3=sigmoid,batch_size=32,bi1=zeros,bi2=zeros,bi3=zeros,epochs=1,ki1=glorot_uniform,ki2=glorot_uniform,ki3=glorot_uniform,layer2=1,loss=categorical_hinge,lr=0.001,optimizer=rmsprop	True
26	135	[1.0, 1.0, 1.0, 1.0, 1.0, 1.0, 1.0, 1.0, 1.0, 1.0]	[1.0, 1.0, 1.0, 1.0, 1.0, 1.0, 1.0, 1.0, 1.0, 1.0]	act1=relu,act2=relu,act3=sigmoid,batch_size=32,bi1=zeros,bi2=zeros,bi3=zeros,epochs=1,ki1=glorot_uniform,ki2=glorot_uniform,ki3=glorot_uniform,layer2=1,loss=binary_crossentropy,lr=0.001,optimizer=rmsprop	act1=relu,act2=relu,act3=sigmoid,batch_size=32,bi1=zeros,bi2=zeros,bi3=zeros,epochs=1,ki1=glorot_uniform,ki2=glorot_uniform,ki3=glorot_uniform,layer2=1,loss=logcosh,lr=0.001,optimizer=rmsprop	True
26	139	[1.0, 1.0, 1.0, 1.0, 1.0, 1.0, 1.0, 1.0, 1.0, 1.0]	[1.0, 1.0, 1.0, 1.0, 1.0, 1.0, 1.0, 1.0, 1.0, 1.0]	act1=relu,act2=relu,act3=sigmoid,batch_size=32,bi1=zeros,bi2=zeros,bi3=zeros,epochs=1,ki1=glorot_uniform,ki2=glorot_uniform,ki3=glorot_uniform,layer2=1,loss=binary_crossentropy,lr=0.001,optimizer=rmsprop	act1=relu,act2=relu,act3=sigmoid,batch_size=32,bi1=zeros,bi2=zeros,bi3=zeros,epochs=1,ki1=glorot_uniform,ki2=glorot_uniform,ki3=glorot_uniform,layer2=1,loss=poisson,lr=0.001,optimizer=rmsprop	True
26	140	[1.0, 1.0, 1.0, 1.0, 1.0, 1.0, 1.0, 1.0, 1.0, 1.0]	[1.0, 1.0, 1.0, 1.0, 1.0, 1.0, 1.0, 1.0, 1.0, 1.0]	act1=relu,act2=relu,act3=sigmoid,batch_size=32,bi1=zeros,bi2=zeros,bi3=zeros,epochs=1,ki1=glorot_uniform,ki2=glorot_uniform,ki3=glorot_uniform,layer2=1,loss=binary_crossentropy,lr=0.001,optimizer=rmsprop	act1=relu,act2=relu,act3=sigmoid,batch_size=16,bi1=zeros,bi2=zeros,bi3=zeros,epochs=1,ki1=glorot_uniform,ki2=glorot_uniform,ki3=glorot_uniform,layer2=1,loss=binary_crossentropy,lr=0.001,optimizer=rmsprop	True
26	141	[1.0, 1.0, 1.0, 1.0, 1.0, 1.0, 1.0, 1.0, 1.0, 1.0]	[1.0, 1.0, 1.0, 1.0, 1.0, 1.0, 1.0, 1.0, 1.0, 1.0]	act1=relu,act2=relu,act3=sigmoid,batch_size=32,bi1=zeros,bi2=zeros,bi3=zeros,epochs=1,ki1=glorot_uniform,ki2=glorot_uniform,ki3=glorot_uniform,layer2=1,loss=binary_crossentropy,lr=0.001,optimizer=rmsprop	act1=relu,act2=relu,act3=sigmoid,batch_size=64,bi1=zeros,bi2=zeros,bi3=zeros,epochs=1,ki1=glorot_uniform,ki2=glorot_uniform,ki3=glorot_uniform,layer2=1,loss=binary_crossentropy,lr=0.001,optimizer=rmsprop	True
26	142	[1.0, 1.0, 1.0, 1.0, 1.0, 1.0, 1.0, 1.0, 1.0, 1.0]	[1.0, 1.0, 1.0, 1.0, 1.0, 1.0, 1.0, 1.0, 1.0, 1.0]	act1=relu,act2=relu,act3=sigmoid,batch_size=32,bi1=zeros,bi2=zeros,bi3=zeros,epochs=1,ki1=glorot_uniform,ki2=glorot_uniform,ki3=glorot_uniform,layer2=1,loss=binary_crossentropy,lr=0.001,optimizer=rmsprop	act1=relu,act2=relu,act3=sigmoid,batch_size=128,bi1=zeros,bi2=zeros,bi3=zeros,epochs=1,ki1=glorot_uniform,ki2=glorot_uniform,ki3=glorot_uniform,layer2=1,loss=binary_crossentropy,lr=0.001,optimizer=rmsprop	True
26	143	[1.0, 1.0, 1.0, 1.0, 1.0, 1.0, 1.0, 1.0, 1.0, 1.0]	[1.0, 1.0, 1.0, 1.0, 1.0, 1.0, 1.0, 1.0, 1.0, 1.0]	act1=relu,act2=relu,act3=sigmoid,batch_size=32,bi1=zeros,bi2=zeros,bi3=zeros,epochs=1,ki1=glorot_uniform,ki2=glorot_uniform,ki3=glorot_uniform,layer2=1,loss=binary_crossentropy,lr=0.001,optimizer=rmsprop	act1=relu,act2=relu,act3=sigmoid,batch_size=256,bi1=zeros,bi2=zeros,bi3=zeros,epochs=1,ki1=glorot_uniform,ki2=glorot_uniform,ki3=glorot_uniform,layer2=1,loss=binary_crossentropy,lr=0.001,optimizer=rmsprop	True
26	144	[1.0, 1.0, 1.0, 1.0, 1.0, 1.0, 1.0, 1.0, 1.0, 1.0]	[1.0, 1.0, 1.0, 1.0, 1.0, 1.0, 1.0, 1.0, 1.0, 1.0]	act1=relu,act2=relu,act3=sigmoid,batch_size=32,bi1=zeros,bi2=zeros,bi3=zeros,epochs=1,ki1=glorot_uniform,ki2=glorot_uniform,ki3=glorot_uniform,layer2=1,loss=binary_crossentropy,lr=0.001,optimizer=rmsprop	act1=relu,act2=relu,act3=sigmoid,batch_size=512,bi1=zeros,bi2=zeros,bi3=zeros,epochs=1,ki1=glorot_uniform,ki2=glorot_uniform,ki3=glorot_uniform,layer2=1,loss=binary_crossentropy,lr=0.001,optimizer=rmsprop	True
26	145	[1.0, 1.0, 1.0, 1.0, 1.0, 1.0, 1.0, 1.0, 1.0, 1.0]	[1.0, 1.0, 1.0, 1.0, 1.0, 1.0, 1.0, 1.0, 1.0, 1.0]	act1=relu,act2=relu,act3=sigmoid,batch_size=32,bi1=zeros,bi2=zeros,bi3=zeros,epochs=1,ki1=glorot_uniform,ki2=glorot_uniform,ki3=glorot_uniform,layer2=1,loss=binary_crossentropy,lr=0.001,optimizer=rmsprop	act1=relu,act2=relu,act3=sigmoid,batch_size=32,bi1=zeros,bi2=zeros,bi3=zeros,epochs=1,ki1=glorot_uniform,ki2=glorot_uniform,ki3=glorot_uniform,layer2=1,loss=binary_crossentropy,lr=0.001,optimizer=adamax	True
26	146	[1.0, 1.0, 1.0, 1.0, 1.0, 1.0, 1.0, 1.0, 1.0, 1.0]	[1.0, 1.0, 1.0, 1.0, 1.0, 1.0, 1.0, 1.0, 1.0, 1.0]	act1=relu,act2=relu,act3=sigmoid,batch_size=32,bi1=zeros,bi2=zeros,bi3=zeros,epochs=1,ki1=glorot_uniform,ki2=glorot_uniform,ki3=glorot_uniform,layer2=1,loss=binary_crossentropy,lr=0.001,optimizer=rmsprop	act1=relu,act2=relu,act3=sigmoid,batch_size=32,bi1=zeros,bi2=zeros,bi3=zeros,epochs=1,ki1=glorot_uniform,ki2=glorot_uniform,ki3=glorot_uniform,layer2=1,loss=binary_crossentropy,lr=0.001,optimizer=nadam	True
26	147	[1.0, 1.0, 1.0, 1.0, 1.0, 1.0, 1.0, 1.0, 1.0, 1.0]	[1.0, 1.0, 1.0, 1.0, 1.0, 1.0, 1.0, 1.0, 1.0, 1.0]	act1=relu,act2=relu,act3=sigmoid,batch_size=32,bi1=zeros,bi2=zeros,bi3=zeros,epochs=1,ki1=glorot_uniform,ki2=glorot_uniform,ki3=glorot_uniform,layer2=1,loss=binary_crossentropy,lr=0.001,optimizer=rmsprop	act1=relu,act2=relu,act3=sigmoid,batch_size=32,bi1=zeros,bi2=zeros,bi3=zeros,epochs=1,ki1=glorot_uniform,ki2=glorot_uniform,ki3=glorot_uniform,layer2=1,loss=binary_crossentropy,lr=0.001,optimizer=sgd	True
26	148	[1.0, 1.0, 1.0, 1.0, 1.0, 1.0, 1.0, 1.0, 1.0, 1.0]	[1.0, 1.0, 1.0, 1.0, 1.0, 1.0, 1.0, 1.0, 1.0, 1.0]	act1=relu,act2=relu,act3=sigmoid,batch_size=32,bi1=zeros,bi2=zeros,bi3=zeros,epochs=1,ki1=glorot_uniform,ki2=glorot_uniform,ki3=glorot_uniform,layer2=1,loss=binary_crossentropy,lr=0.001,optimizer=rmsprop	act1=relu,act2=relu,act3=sigmoid,batch_size=32,bi1=zeros,bi2=zeros,bi3=zeros,epochs=1,ki1=glorot_uniform,ki2=glorot_uniform,ki3=glorot_uniform,layer2=1,loss=binary_crossentropy,lr=0.01,optimizer=rmsprop	True
26	149	[1.0, 1.0, 1.0, 1.0, 1.0, 1.0, 1.0, 1.0, 1.0, 1.0]	[1.0, 1.0, 1.0, 1.0, 1.0, 1.0, 1.0, 1.0, 1.0, 1.0]	act1=relu,act2=relu,act3=sigmoid,batch_size=32,bi1=zeros,bi2=zeros,bi3=zeros,epochs=1,ki1=glorot_uniform,ki2=glorot_uniform,ki3=glorot_uniform,layer2=1,loss=binary_crossentropy,lr=0.001,optimizer=rmsprop	act1=relu,act2=relu,act3=sigmoid,batch_size=32,bi1=zeros,bi2=zeros,bi3=zeros,epochs=1,ki1=glorot_uniform,ki2=glorot_uniform,ki3=glorot_uniform,layer2=1,loss=binary_crossentropy,lr=0.0001,optimizer=rmsprop	True
26	150	[1.0, 1.0, 1.0, 1.0, 1.0, 1.0, 1.0, 1.0, 1.0, 1.0]	[1.0, 1.0, 1.0, 1.0, 1.0, 1.0, 1.0, 1.0, 1.0, 1.0]	act1=relu,act2=relu,act3=sigmoid,batch_size=32,bi1=zeros,bi2=zeros,bi3=zeros,epochs=1,ki1=glorot_uniform,ki2=glorot_uniform,ki3=glorot_uniform,layer2=1,loss=binary_crossentropy,lr=0.001,optimizer=rmsprop	act1=relu,act2=relu,act3=sigmoid,batch_size=32,bi1=zeros,bi2=zeros,bi3=zeros,epochs=2,ki1=glorot_uniform,ki2=glorot_uniform,ki3=glorot_uniform,layer2=1,loss=binary_crossentropy,lr=0.001,optimizer=rmsprop	True
