parent_node_id	current_node_id	parent_accs	current_node_accs	parent_node_param_string	current_node_param_string	is_gt
0	4	[0.62, 0.62, 0.61, 0.63, 0.6, 0.6, 0.62, 0.61, 0.66, 0.61]	[0.67, 0.68, 0.69, 0.69, 0.7, 0.7, 0.68, 0.68, 0.68, 0.7]	act1=relu,act2=hard_sigmoid,act3=relu,act4=relu,act5=relu,act6=softmax,batch_size=64,bi1=zeros,bi2=zeros,bi3=zeros,bi4=zeros,bi5=zeros,bi6=zeros,epochs=50,ki1=glorot_uniform,ki2=glorot_uniform,ki3=glorot_uniform,ki4=glorot_uniform,ki5=glorot_uniform,ki6=glorot_uniform,layer1=1,layer2=1,loss=sparse_categorical_crossentropy,lr=0.001,optimizer=adam,unit1=256,unit2=128	act1=relu,act2=relu,act3=relu,act4=relu,act5=relu,act6=softmax,batch_size=64,bi1=zeros,bi2=zeros,bi3=zeros,bi4=zeros,bi5=zeros,bi6=zeros,epochs=50,ki1=glorot_uniform,ki2=glorot_uniform,ki3=glorot_uniform,ki4=glorot_uniform,ki5=glorot_uniform,ki6=glorot_uniform,layer1=1,layer2=1,loss=sparse_categorical_crossentropy,lr=0.001,optimizer=adam,unit1=256,unit2=128	False
0	8	[0.62, 0.62, 0.61, 0.63, 0.6, 0.6, 0.62, 0.61, 0.66, 0.61]	[0.66, 0.65, 0.66, 0.67, 0.65, 0.68, 0.67, 0.68, 0.65, 0.66]	act1=relu,act2=hard_sigmoid,act3=relu,act4=relu,act5=relu,act6=softmax,batch_size=64,bi1=zeros,bi2=zeros,bi3=zeros,bi4=zeros,bi5=zeros,bi6=zeros,epochs=50,ki1=glorot_uniform,ki2=glorot_uniform,ki3=glorot_uniform,ki4=glorot_uniform,ki5=glorot_uniform,ki6=glorot_uniform,layer1=1,layer2=1,loss=sparse_categorical_crossentropy,lr=0.001,optimizer=adam,unit1=256,unit2=128	act1=relu,act2=hard_sigmoid,act3=sigmoid,act4=relu,act5=relu,act6=softmax,batch_size=64,bi1=zeros,bi2=zeros,bi3=zeros,bi4=zeros,bi5=zeros,bi6=zeros,epochs=50,ki1=glorot_uniform,ki2=glorot_uniform,ki3=glorot_uniform,ki4=glorot_uniform,ki5=glorot_uniform,ki6=glorot_uniform,layer1=1,layer2=1,loss=sparse_categorical_crossentropy,lr=0.001,optimizer=adam,unit1=256,unit2=128	False
0	9	[0.62, 0.62, 0.61, 0.63, 0.6, 0.6, 0.62, 0.61, 0.66, 0.61]	[0.68, 0.66, 0.64, 0.66, 0.67, 0.65, 0.67, 0.66, 0.68, 0.65]	act1=relu,act2=hard_sigmoid,act3=relu,act4=relu,act5=relu,act6=softmax,batch_size=64,bi1=zeros,bi2=zeros,bi3=zeros,bi4=zeros,bi5=zeros,bi6=zeros,epochs=50,ki1=glorot_uniform,ki2=glorot_uniform,ki3=glorot_uniform,ki4=glorot_uniform,ki5=glorot_uniform,ki6=glorot_uniform,layer1=1,layer2=1,loss=sparse_categorical_crossentropy,lr=0.001,optimizer=adam,unit1=256,unit2=128	act1=relu,act2=hard_sigmoid,act3=exponential,act4=relu,act5=relu,act6=softmax,batch_size=64,bi1=zeros,bi2=zeros,bi3=zeros,bi4=zeros,bi5=zeros,bi6=zeros,epochs=50,ki1=glorot_uniform,ki2=glorot_uniform,ki3=glorot_uniform,ki4=glorot_uniform,ki5=glorot_uniform,ki6=glorot_uniform,layer1=1,layer2=1,loss=sparse_categorical_crossentropy,lr=0.001,optimizer=adam,unit1=256,unit2=128	False
0	84	[0.62, 0.62, 0.61, 0.63, 0.6, 0.6, 0.62, 0.61, 0.66, 0.61]	[0.63, 0.67, 0.68, 0.67, 0.69, 0.65, 0.64, 0.67, 0.67, 0.63]	act1=relu,act2=hard_sigmoid,act3=relu,act4=relu,act5=relu,act6=softmax,batch_size=64,bi1=zeros,bi2=zeros,bi3=zeros,bi4=zeros,bi5=zeros,bi6=zeros,epochs=50,ki1=glorot_uniform,ki2=glorot_uniform,ki3=glorot_uniform,ki4=glorot_uniform,ki5=glorot_uniform,ki6=glorot_uniform,layer1=1,layer2=1,loss=sparse_categorical_crossentropy,lr=0.001,optimizer=adam,unit1=256,unit2=128	act1=relu,act2=hard_sigmoid,act3=relu,act4=relu,act5=relu,act6=softmax,batch_size=64,bi1=zeros,bi2=zeros,bi3=zeros,bi4=zeros,bi5=zeros,bi6=zeros,epochs=50,ki1=glorot_uniform,ki2=glorot_uniform,ki3=glorot_uniform,ki4=glorot_uniform,ki5=glorot_uniform,ki6=glorot_uniform,layer1=0,layer2=1,loss=sparse_categorical_crossentropy,lr=0.001,optimizer=adam,unit1=256,unit2=128	False
0	56	[0.62, 0.62, 0.61, 0.63, 0.6, 0.6, 0.62, 0.61, 0.66, 0.61]	[0.67, 0.64, 0.66, 0.64, 0.66, 0.66, 0.64, 0.67, 0.67, 0.66]	act1=relu,act2=hard_sigmoid,act3=relu,act4=relu,act5=relu,act6=softmax,batch_size=64,bi1=zeros,bi2=zeros,bi3=zeros,bi4=zeros,bi5=zeros,bi6=zeros,epochs=50,ki1=glorot_uniform,ki2=glorot_uniform,ki3=glorot_uniform,ki4=glorot_uniform,ki5=glorot_uniform,ki6=glorot_uniform,layer1=1,layer2=1,loss=sparse_categorical_crossentropy,lr=0.001,optimizer=adam,unit1=256,unit2=128	act1=relu,act2=hard_sigmoid,act3=relu,act4=relu,act5=relu,act6=softmax,batch_size=64,bi1=zeros,bi2=zeros,bi3=zeros,bi4=zeros,bi5=zeros,bi6=zeros,epochs=50,ki1=glorot_uniform,ki2=glorot_uniform,ki3=glorot_uniform,ki4=glorot_uniform,ki5=glorot_uniform,ki6=glorot_uniform,layer1=1,layer2=1,loss=sparse_categorical_crossentropy,lr=0.001,optimizer=adamax,unit1=256,unit2=128	False
4	140	[0.67, 0.68, 0.69, 0.69, 0.7, 0.7, 0.68, 0.68, 0.68, 0.7]	[0.71, 0.71, 0.72, 0.71, 0.7, 0.69, 0.69, 0.69, 0.71, 0.7]	act1=relu,act2=relu,act3=relu,act4=relu,act5=relu,act6=softmax,batch_size=64,bi1=zeros,bi2=zeros,bi3=zeros,bi4=zeros,bi5=zeros,bi6=zeros,epochs=50,ki1=glorot_uniform,ki2=glorot_uniform,ki3=glorot_uniform,ki4=glorot_uniform,ki5=glorot_uniform,ki6=glorot_uniform,layer1=1,layer2=1,loss=sparse_categorical_crossentropy,lr=0.001,optimizer=adam,unit1=256,unit2=128	act1=relu,act2=relu,act3=relu,act4=relu,act5=relu,act6=softmax,batch_size=64,bi1=zeros,bi2=zeros,bi3=zeros,bi4=zeros,bi5=zeros,bi6=zeros,epochs=50,ki1=glorot_uniform,ki2=glorot_uniform,ki3=glorot_uniform,ki4=glorot_uniform,ki5=glorot_uniform,ki6=glorot_uniform,layer1=1,layer2=1,loss=sparse_categorical_crossentropy,lr=0.001,optimizer=nadam,unit1=256,unit2=128	True
4	139	[0.67, 0.68, 0.69, 0.69, 0.7, 0.7, 0.68, 0.68, 0.68, 0.7]	[0.7, 0.7, 0.7, 0.69, 0.7, 0.71, 0.7, 0.72, 0.7, 0.7]	act1=relu,act2=relu,act3=relu,act4=relu,act5=relu,act6=softmax,batch_size=64,bi1=zeros,bi2=zeros,bi3=zeros,bi4=zeros,bi5=zeros,bi6=zeros,epochs=50,ki1=glorot_uniform,ki2=glorot_uniform,ki3=glorot_uniform,ki4=glorot_uniform,ki5=glorot_uniform,ki6=glorot_uniform,layer1=1,layer2=1,loss=sparse_categorical_crossentropy,lr=0.001,optimizer=adam,unit1=256,unit2=128	act1=relu,act2=relu,act3=relu,act4=relu,act5=relu,act6=softmax,batch_size=64,bi1=zeros,bi2=zeros,bi3=zeros,bi4=zeros,bi5=zeros,bi6=zeros,epochs=50,ki1=glorot_uniform,ki2=glorot_uniform,ki3=glorot_uniform,ki4=glorot_uniform,ki5=glorot_uniform,ki6=glorot_uniform,layer1=1,layer2=1,loss=sparse_categorical_crossentropy,lr=0.001,optimizer=adamax,unit1=256,unit2=128	True
4	163	[0.67, 0.68, 0.69, 0.69, 0.7, 0.7, 0.68, 0.68, 0.68, 0.7]	[0.68, 0.68, 0.72, 0.69, 0.71, 0.72, 0.7, 0.7, 0.7, 0.7]	act1=relu,act2=relu,act3=relu,act4=relu,act5=relu,act6=softmax,batch_size=64,bi1=zeros,bi2=zeros,bi3=zeros,bi4=zeros,bi5=zeros,bi6=zeros,epochs=50,ki1=glorot_uniform,ki2=glorot_uniform,ki3=glorot_uniform,ki4=glorot_uniform,ki5=glorot_uniform,ki6=glorot_uniform,layer1=1,layer2=1,loss=sparse_categorical_crossentropy,lr=0.001,optimizer=adam,unit1=256,unit2=128	act1=relu,act2=relu,act3=relu,act4=relu,act5=relu,act6=softmax,batch_size=64,bi1=zeros,bi2=zeros,bi3=zeros,bi4=zeros,bi5=zeros,bi6=zeros,epochs=50,ki1=glorot_uniform,ki2=glorot_uniform,ki3=glorot_uniform,ki4=glorot_uniform,ki5=glorot_uniform,ki6=glorot_uniform,layer1=1,layer2=1,loss=sparse_categorical_crossentropy,lr=0.001,optimizer=adam,unit1=512,unit2=128	True
4	146	[0.67, 0.68, 0.69, 0.69, 0.7, 0.7, 0.68, 0.68, 0.68, 0.7]	[0.7, 0.69, 0.71, 0.71, 0.7, 0.7, 0.7, 0.71, 0.69, 0.68]	act1=relu,act2=relu,act3=relu,act4=relu,act5=relu,act6=softmax,batch_size=64,bi1=zeros,bi2=zeros,bi3=zeros,bi4=zeros,bi5=zeros,bi6=zeros,epochs=50,ki1=glorot_uniform,ki2=glorot_uniform,ki3=glorot_uniform,ki4=glorot_uniform,ki5=glorot_uniform,ki6=glorot_uniform,layer1=1,layer2=1,loss=sparse_categorical_crossentropy,lr=0.001,optimizer=adam,unit1=256,unit2=128	act1=relu,act2=relu,act3=relu,act4=relu,act5=relu,act6=softmax,batch_size=128,bi1=zeros,bi2=zeros,bi3=zeros,bi4=zeros,bi5=zeros,bi6=zeros,epochs=50,ki1=glorot_uniform,ki2=glorot_uniform,ki3=glorot_uniform,ki4=glorot_uniform,ki5=glorot_uniform,ki6=glorot_uniform,layer1=1,layer2=1,loss=sparse_categorical_crossentropy,lr=0.001,optimizer=adam,unit1=256,unit2=128	True
4	132	[0.67, 0.68, 0.69, 0.69, 0.7, 0.7, 0.68, 0.68, 0.68, 0.7]	[0.7, 0.69, 0.7, 0.71, 0.7, 0.7, 0.7, 0.69, 0.7, 0.69]	act1=relu,act2=relu,act3=relu,act4=relu,act5=relu,act6=softmax,batch_size=64,bi1=zeros,bi2=zeros,bi3=zeros,bi4=zeros,bi5=zeros,bi6=zeros,epochs=50,ki1=glorot_uniform,ki2=glorot_uniform,ki3=glorot_uniform,ki4=glorot_uniform,ki5=glorot_uniform,ki6=glorot_uniform,layer1=1,layer2=1,loss=sparse_categorical_crossentropy,lr=0.001,optimizer=adam,unit1=256,unit2=128	act1=relu,act2=relu,act3=relu,act4=relu,act5=relu,act6=softmax,batch_size=64,bi1=zeros,bi2=zeros,bi3=zeros,bi4=zeros,bi5=random_normal,bi6=zeros,epochs=50,ki1=glorot_uniform,ki2=glorot_uniform,ki3=glorot_uniform,ki4=glorot_uniform,ki5=glorot_uniform,ki6=glorot_uniform,layer1=1,layer2=1,loss=sparse_categorical_crossentropy,lr=0.001,optimizer=adam,unit1=256,unit2=128	True
8	186	[0.66, 0.65, 0.66, 0.67, 0.65, 0.68, 0.67, 0.68, 0.65, 0.66]	[0.69, 0.68, 0.68, 0.66, 0.69, 0.69, 0.67, 0.69, 0.69, 0.69]	act1=relu,act2=hard_sigmoid,act3=sigmoid,act4=relu,act5=relu,act6=softmax,batch_size=64,bi1=zeros,bi2=zeros,bi3=zeros,bi4=zeros,bi5=zeros,bi6=zeros,epochs=50,ki1=glorot_uniform,ki2=glorot_uniform,ki3=glorot_uniform,ki4=glorot_uniform,ki5=glorot_uniform,ki6=glorot_uniform,layer1=1,layer2=1,loss=sparse_categorical_crossentropy,lr=0.001,optimizer=adam,unit1=256,unit2=128	act1=relu,act2=hard_sigmoid,act3=sigmoid,act4=relu,act5=relu,act6=softmax,batch_size=64,bi1=zeros,bi2=zeros,bi3=zeros,bi4=zeros,bi5=zeros,bi6=zeros,epochs=50,ki1=he_normal,ki2=glorot_uniform,ki3=glorot_uniform,ki4=glorot_uniform,ki5=glorot_uniform,ki6=glorot_uniform,layer1=1,layer2=1,loss=sparse_categorical_crossentropy,lr=0.001,optimizer=adam,unit1=256,unit2=128	False
8	177	[0.66, 0.65, 0.66, 0.67, 0.65, 0.68, 0.67, 0.68, 0.65, 0.66]	[0.67, 0.68, 0.66, 0.67, 0.66, 0.7, 0.68, 0.69, 0.67, 0.7]	act1=relu,act2=hard_sigmoid,act3=sigmoid,act4=relu,act5=relu,act6=softmax,batch_size=64,bi1=zeros,bi2=zeros,bi3=zeros,bi4=zeros,bi5=zeros,bi6=zeros,epochs=50,ki1=glorot_uniform,ki2=glorot_uniform,ki3=glorot_uniform,ki4=glorot_uniform,ki5=glorot_uniform,ki6=glorot_uniform,layer1=1,layer2=1,loss=sparse_categorical_crossentropy,lr=0.001,optimizer=adam,unit1=256,unit2=128	act1=relu,act2=hard_sigmoid,act3=sigmoid,act4=sigmoid,act5=relu,act6=softmax,batch_size=64,bi1=zeros,bi2=zeros,bi3=zeros,bi4=zeros,bi5=zeros,bi6=zeros,epochs=50,ki1=glorot_uniform,ki2=glorot_uniform,ki3=glorot_uniform,ki4=glorot_uniform,ki5=glorot_uniform,ki6=glorot_uniform,layer1=1,layer2=1,loss=sparse_categorical_crossentropy,lr=0.001,optimizer=adam,unit1=256,unit2=128	False
8	233	[0.66, 0.65, 0.66, 0.67, 0.65, 0.68, 0.67, 0.68, 0.65, 0.66]	[0.67, 0.67, 0.67, 0.68, 0.66, 0.69, 0.68, 0.67, 0.68, 0.67]	act1=relu,act2=hard_sigmoid,act3=sigmoid,act4=relu,act5=relu,act6=softmax,batch_size=64,bi1=zeros,bi2=zeros,bi3=zeros,bi4=zeros,bi5=zeros,bi6=zeros,epochs=50,ki1=glorot_uniform,ki2=glorot_uniform,ki3=glorot_uniform,ki4=glorot_uniform,ki5=glorot_uniform,ki6=glorot_uniform,layer1=1,layer2=1,loss=sparse_categorical_crossentropy,lr=0.001,optimizer=adam,unit1=256,unit2=128	act1=relu,act2=hard_sigmoid,act3=sigmoid,act4=relu,act5=relu,act6=softmax,batch_size=64,bi1=zeros,bi2=zeros,bi3=zeros,bi4=zeros,bi5=zeros,bi6=zeros,epochs=25,ki1=glorot_uniform,ki2=glorot_uniform,ki3=glorot_uniform,ki4=glorot_uniform,ki5=glorot_uniform,ki6=glorot_uniform,layer1=1,layer2=1,loss=sparse_categorical_crossentropy,lr=0.001,optimizer=adam,unit1=256,unit2=128	False
8	196	[0.66, 0.65, 0.66, 0.67, 0.65, 0.68, 0.67, 0.68, 0.65, 0.66]	[0.68, 0.67, 0.68, 0.69, 0.67, 0.66, 0.67, 0.68, 0.67, 0.66]	act1=relu,act2=hard_sigmoid,act3=sigmoid,act4=relu,act5=relu,act6=softmax,batch_size=64,bi1=zeros,bi2=zeros,bi3=zeros,bi4=zeros,bi5=zeros,bi6=zeros,epochs=50,ki1=glorot_uniform,ki2=glorot_uniform,ki3=glorot_uniform,ki4=glorot_uniform,ki5=glorot_uniform,ki6=glorot_uniform,layer1=1,layer2=1,loss=sparse_categorical_crossentropy,lr=0.001,optimizer=adam,unit1=256,unit2=128	act1=relu,act2=hard_sigmoid,act3=sigmoid,act4=relu,act5=relu,act6=softmax,batch_size=64,bi1=zeros,bi2=glorot_normal,bi3=zeros,bi4=zeros,bi5=zeros,bi6=zeros,epochs=50,ki1=glorot_uniform,ki2=glorot_uniform,ki3=glorot_uniform,ki4=glorot_uniform,ki5=glorot_uniform,ki6=glorot_uniform,layer1=1,layer2=1,loss=sparse_categorical_crossentropy,lr=0.001,optimizer=adam,unit1=256,unit2=128	False
8	230	[0.66, 0.65, 0.66, 0.67, 0.65, 0.68, 0.67, 0.68, 0.65, 0.66]	[0.67, 0.67, 0.68, 0.68, 0.68, 0.67, 0.68, 0.66, 0.66, 0.67]	act1=relu,act2=hard_sigmoid,act3=sigmoid,act4=relu,act5=relu,act6=softmax,batch_size=64,bi1=zeros,bi2=zeros,bi3=zeros,bi4=zeros,bi5=zeros,bi6=zeros,epochs=50,ki1=glorot_uniform,ki2=glorot_uniform,ki3=glorot_uniform,ki4=glorot_uniform,ki5=glorot_uniform,ki6=glorot_uniform,layer1=1,layer2=1,loss=sparse_categorical_crossentropy,lr=0.001,optimizer=adam,unit1=256,unit2=128	act1=relu,act2=hard_sigmoid,act3=sigmoid,act4=relu,act5=relu,act6=softmax,batch_size=256,bi1=zeros,bi2=zeros,bi3=zeros,bi4=zeros,bi5=zeros,bi6=zeros,epochs=50,ki1=glorot_uniform,ki2=glorot_uniform,ki3=glorot_uniform,ki4=glorot_uniform,ki5=glorot_uniform,ki6=glorot_uniform,layer1=1,layer2=1,loss=sparse_categorical_crossentropy,lr=0.001,optimizer=adam,unit1=256,unit2=128	False
9	269	[0.68, 0.66, 0.64, 0.66, 0.67, 0.65, 0.67, 0.66, 0.68, 0.65]	[0.69, 0.68, 0.69, 0.67, 0.67, 0.68, 0.69, 0.7, 0.68, 0.67]	act1=relu,act2=hard_sigmoid,act3=exponential,act4=relu,act5=relu,act6=softmax,batch_size=64,bi1=zeros,bi2=zeros,bi3=zeros,bi4=zeros,bi5=zeros,bi6=zeros,epochs=50,ki1=glorot_uniform,ki2=glorot_uniform,ki3=glorot_uniform,ki4=glorot_uniform,ki5=glorot_uniform,ki6=glorot_uniform,layer1=1,layer2=1,loss=sparse_categorical_crossentropy,lr=0.001,optimizer=adam,unit1=256,unit2=128	act1=relu,act2=hard_sigmoid,act3=exponential,act4=relu,act5=relu,act6=softmax,batch_size=64,bi1=zeros,bi2=zeros,bi3=zeros,bi4=zeros,bi5=zeros,bi6=zeros,epochs=50,ki1=he_normal,ki2=glorot_uniform,ki3=glorot_uniform,ki4=glorot_uniform,ki5=glorot_uniform,ki6=glorot_uniform,layer1=1,layer2=1,loss=sparse_categorical_crossentropy,lr=0.001,optimizer=adam,unit1=256,unit2=128	False
9	311	[0.68, 0.66, 0.64, 0.66, 0.67, 0.65, 0.67, 0.66, 0.68, 0.65]	[0.67, 0.67, 0.68, 0.7, 0.68, 0.67, 0.67, 0.66, 0.67, 0.68]	act1=relu,act2=hard_sigmoid,act3=exponential,act4=relu,act5=relu,act6=softmax,batch_size=64,bi1=zeros,bi2=zeros,bi3=zeros,bi4=zeros,bi5=zeros,bi6=zeros,epochs=50,ki1=glorot_uniform,ki2=glorot_uniform,ki3=glorot_uniform,ki4=glorot_uniform,ki5=glorot_uniform,ki6=glorot_uniform,layer1=1,layer2=1,loss=sparse_categorical_crossentropy,lr=0.001,optimizer=adam,unit1=256,unit2=128	act1=relu,act2=hard_sigmoid,act3=exponential,act4=relu,act5=relu,act6=softmax,batch_size=32,bi1=zeros,bi2=zeros,bi3=zeros,bi4=zeros,bi5=zeros,bi6=zeros,epochs=50,ki1=glorot_uniform,ki2=glorot_uniform,ki3=glorot_uniform,ki4=glorot_uniform,ki5=glorot_uniform,ki6=glorot_uniform,layer1=1,layer2=1,loss=sparse_categorical_crossentropy,lr=0.001,optimizer=adam,unit1=256,unit2=128	False
9	316	[0.68, 0.66, 0.64, 0.66, 0.67, 0.65, 0.67, 0.66, 0.68, 0.65]	[0.66, 0.69, 0.66, 0.67, 0.69, 0.67, 0.66, 0.67, 0.68, 0.69]	act1=relu,act2=hard_sigmoid,act3=exponential,act4=relu,act5=relu,act6=softmax,batch_size=64,bi1=zeros,bi2=zeros,bi3=zeros,bi4=zeros,bi5=zeros,bi6=zeros,epochs=50,ki1=glorot_uniform,ki2=glorot_uniform,ki3=glorot_uniform,ki4=glorot_uniform,ki5=glorot_uniform,ki6=glorot_uniform,layer1=1,layer2=1,loss=sparse_categorical_crossentropy,lr=0.001,optimizer=adam,unit1=256,unit2=128	act1=relu,act2=hard_sigmoid,act3=exponential,act4=relu,act5=relu,act6=softmax,batch_size=64,bi1=zeros,bi2=zeros,bi3=zeros,bi4=zeros,bi5=zeros,bi6=zeros,epochs=25,ki1=glorot_uniform,ki2=glorot_uniform,ki3=glorot_uniform,ki4=glorot_uniform,ki5=glorot_uniform,ki6=glorot_uniform,layer1=1,layer2=1,loss=sparse_categorical_crossentropy,lr=0.001,optimizer=adam,unit1=256,unit2=128	False
9	335	[0.68, 0.66, 0.64, 0.66, 0.67, 0.65, 0.67, 0.66, 0.68, 0.65]	[0.67, 0.67, 0.67, 0.67, 0.69, 0.68, 0.65, 0.66, 0.66, 0.68]	act1=relu,act2=hard_sigmoid,act3=exponential,act4=relu,act5=relu,act6=softmax,batch_size=64,bi1=zeros,bi2=zeros,bi3=zeros,bi4=zeros,bi5=zeros,bi6=zeros,epochs=50,ki1=glorot_uniform,ki2=glorot_uniform,ki3=glorot_uniform,ki4=glorot_uniform,ki5=glorot_uniform,ki6=glorot_uniform,layer1=1,layer2=1,loss=sparse_categorical_crossentropy,lr=0.001,optimizer=adam,unit1=256,unit2=128	act1=relu,act2=hard_sigmoid,act3=exponential,act4=relu,act5=relu,act6=softmax,batch_size=64,bi1=zeros,bi2=zeros,bi3=zeros,bi4=zeros,bi5=zeros,bi6=zeros,epochs=50,ki1=glorot_uniform,ki2=glorot_uniform,ki3=glorot_uniform,ki4=glorot_uniform,ki5=glorot_uniform,ki6=glorot_uniform,layer1=1,layer2=0,loss=sparse_categorical_crossentropy,lr=0.001,optimizer=adam,unit1=256,unit2=128	False
9	292	[0.68, 0.66, 0.64, 0.66, 0.67, 0.65, 0.67, 0.66, 0.68, 0.65]	[0.68, 0.66, 0.68, 0.66, 0.66, 0.67, 0.66, 0.67, 0.66, 0.69]	act1=relu,act2=hard_sigmoid,act3=exponential,act4=relu,act5=relu,act6=softmax,batch_size=64,bi1=zeros,bi2=zeros,bi3=zeros,bi4=zeros,bi5=zeros,bi6=zeros,epochs=50,ki1=glorot_uniform,ki2=glorot_uniform,ki3=glorot_uniform,ki4=glorot_uniform,ki5=glorot_uniform,ki6=glorot_uniform,layer1=1,layer2=1,loss=sparse_categorical_crossentropy,lr=0.001,optimizer=adam,unit1=256,unit2=128	act1=relu,act2=hard_sigmoid,act3=exponential,act4=relu,act5=relu,act6=softmax,batch_size=64,bi1=zeros,bi2=zeros,bi3=zeros,bi4=random_normal,bi5=zeros,bi6=zeros,epochs=50,ki1=glorot_uniform,ki2=glorot_uniform,ki3=glorot_uniform,ki4=glorot_uniform,ki5=glorot_uniform,ki6=glorot_uniform,layer1=1,layer2=1,loss=sparse_categorical_crossentropy,lr=0.001,optimizer=adam,unit1=256,unit2=128	False
84	343	[0.63, 0.67, 0.68, 0.67, 0.69, 0.65, 0.64, 0.67, 0.67, 0.63]	[0.68, 0.69, 0.69, 0.69, 0.67, 0.68, 0.67, 0.68, 0.67, 0.68]	act1=relu,act2=hard_sigmoid,act3=relu,act4=relu,act5=relu,act6=softmax,batch_size=64,bi1=zeros,bi2=zeros,bi3=zeros,bi4=zeros,bi5=zeros,bi6=zeros,epochs=50,ki1=glorot_uniform,ki2=glorot_uniform,ki3=glorot_uniform,ki4=glorot_uniform,ki5=glorot_uniform,ki6=glorot_uniform,layer1=0,layer2=1,loss=sparse_categorical_crossentropy,lr=0.001,optimizer=adam,unit1=256,unit2=128	act1=relu,act2=hard_sigmoid,act3=softmax,act4=relu,act5=relu,act6=softmax,batch_size=64,bi1=zeros,bi2=zeros,bi3=zeros,bi4=zeros,bi5=zeros,bi6=zeros,epochs=50,ki1=glorot_uniform,ki2=glorot_uniform,ki3=glorot_uniform,ki4=glorot_uniform,ki5=glorot_uniform,ki6=glorot_uniform,layer1=0,layer2=1,loss=sparse_categorical_crossentropy,lr=0.001,optimizer=adam,unit1=256,unit2=128	False
84	347	[0.63, 0.67, 0.68, 0.67, 0.69, 0.65, 0.64, 0.67, 0.67, 0.63]	[0.69, 0.67, 0.67, 0.68, 0.66, 0.67, 0.68, 0.7, 0.68, 0.68]	act1=relu,act2=hard_sigmoid,act3=relu,act4=relu,act5=relu,act6=softmax,batch_size=64,bi1=zeros,bi2=zeros,bi3=zeros,bi4=zeros,bi5=zeros,bi6=zeros,epochs=50,ki1=glorot_uniform,ki2=glorot_uniform,ki3=glorot_uniform,ki4=glorot_uniform,ki5=glorot_uniform,ki6=glorot_uniform,layer1=0,layer2=1,loss=sparse_categorical_crossentropy,lr=0.001,optimizer=adam,unit1=256,unit2=128	act1=relu,act2=hard_sigmoid,act3=relu,act4=relu,act5=sigmoid,act6=softmax,batch_size=64,bi1=zeros,bi2=zeros,bi3=zeros,bi4=zeros,bi5=zeros,bi6=zeros,epochs=50,ki1=glorot_uniform,ki2=glorot_uniform,ki3=glorot_uniform,ki4=glorot_uniform,ki5=glorot_uniform,ki6=glorot_uniform,layer1=0,layer2=1,loss=sparse_categorical_crossentropy,lr=0.001,optimizer=adam,unit1=256,unit2=128	False
84	380	[0.63, 0.67, 0.68, 0.67, 0.69, 0.65, 0.64, 0.67, 0.67, 0.63]	[0.68, 0.66, 0.69, 0.67, 0.66, 0.67, 0.69, 0.68, 0.68, 0.68]	act1=relu,act2=hard_sigmoid,act3=relu,act4=relu,act5=relu,act6=softmax,batch_size=64,bi1=zeros,bi2=zeros,bi3=zeros,bi4=zeros,bi5=zeros,bi6=zeros,epochs=50,ki1=glorot_uniform,ki2=glorot_uniform,ki3=glorot_uniform,ki4=glorot_uniform,ki5=glorot_uniform,ki6=glorot_uniform,layer1=0,layer2=1,loss=sparse_categorical_crossentropy,lr=0.001,optimizer=adam,unit1=256,unit2=128	act1=relu,act2=hard_sigmoid,act3=relu,act4=relu,act5=relu,act6=softmax,batch_size=64,bi1=zeros,bi2=zeros,bi3=zeros,bi4=zeros,bi5=he_normal,bi6=zeros,epochs=50,ki1=glorot_uniform,ki2=glorot_uniform,ki3=glorot_uniform,ki4=glorot_uniform,ki5=glorot_uniform,ki6=glorot_uniform,layer1=0,layer2=1,loss=sparse_categorical_crossentropy,lr=0.001,optimizer=adam,unit1=256,unit2=128	False
84	386	[0.63, 0.67, 0.68, 0.67, 0.69, 0.65, 0.64, 0.67, 0.67, 0.63]	[0.68, 0.69, 0.68, 0.68, 0.65, 0.69, 0.69, 0.65, 0.66, 0.69]	act1=relu,act2=hard_sigmoid,act3=relu,act4=relu,act5=relu,act6=softmax,batch_size=64,bi1=zeros,bi2=zeros,bi3=zeros,bi4=zeros,bi5=zeros,bi6=zeros,epochs=50,ki1=glorot_uniform,ki2=glorot_uniform,ki3=glorot_uniform,ki4=glorot_uniform,ki5=glorot_uniform,ki6=glorot_uniform,layer1=0,layer2=1,loss=sparse_categorical_crossentropy,lr=0.001,optimizer=adam,unit1=256,unit2=128	act1=relu,act2=hard_sigmoid,act3=relu,act4=relu,act5=relu,act6=softmax,batch_size=64,bi1=zeros,bi2=zeros,bi3=zeros,bi4=zeros,bi5=zeros,bi6=he_normal,epochs=50,ki1=glorot_uniform,ki2=glorot_uniform,ki3=glorot_uniform,ki4=glorot_uniform,ki5=glorot_uniform,ki6=glorot_uniform,layer1=0,layer2=1,loss=sparse_categorical_crossentropy,lr=0.001,optimizer=adam,unit1=256,unit2=128	False
84	353	[0.63, 0.67, 0.68, 0.67, 0.69, 0.65, 0.64, 0.67, 0.67, 0.63]	[0.67, 0.67, 0.67, 0.69, 0.69, 0.65, 0.67, 0.67, 0.68, 0.69]	act1=relu,act2=hard_sigmoid,act3=relu,act4=relu,act5=relu,act6=softmax,batch_size=64,bi1=zeros,bi2=zeros,bi3=zeros,bi4=zeros,bi5=zeros,bi6=zeros,epochs=50,ki1=glorot_uniform,ki2=glorot_uniform,ki3=glorot_uniform,ki4=glorot_uniform,ki5=glorot_uniform,ki6=glorot_uniform,layer1=0,layer2=1,loss=sparse_categorical_crossentropy,lr=0.001,optimizer=adam,unit1=256,unit2=128	act1=relu,act2=hard_sigmoid,act3=relu,act4=relu,act5=relu,act6=softmax,batch_size=64,bi1=zeros,bi2=zeros,bi3=zeros,bi4=zeros,bi5=zeros,bi6=zeros,epochs=50,ki1=he_normal,ki2=glorot_uniform,ki3=glorot_uniform,ki4=glorot_uniform,ki5=glorot_uniform,ki6=glorot_uniform,layer1=0,layer2=1,loss=sparse_categorical_crossentropy,lr=0.001,optimizer=adam,unit1=256,unit2=128	False
56	435	[0.67, 0.64, 0.66, 0.64, 0.66, 0.66, 0.64, 0.67, 0.67, 0.66]	[0.68, 0.67, 0.67, 0.67, 0.68, 0.68, 0.7, 0.69, 0.69, 0.67]	act1=relu,act2=hard_sigmoid,act3=relu,act4=relu,act5=relu,act6=softmax,batch_size=64,bi1=zeros,bi2=zeros,bi3=zeros,bi4=zeros,bi5=zeros,bi6=zeros,epochs=50,ki1=glorot_uniform,ki2=glorot_uniform,ki3=glorot_uniform,ki4=glorot_uniform,ki5=glorot_uniform,ki6=glorot_uniform,layer1=1,layer2=1,loss=sparse_categorical_crossentropy,lr=0.001,optimizer=adamax,unit1=256,unit2=128	act1=relu,act2=hard_sigmoid,act3=relu,act4=relu,act5=relu,act6=softmax,batch_size=64,bi1=zeros,bi2=zeros,bi3=zeros,bi4=zeros,bi5=zeros,bi6=zeros,epochs=50,ki1=he_normal,ki2=glorot_uniform,ki3=glorot_uniform,ki4=glorot_uniform,ki5=glorot_uniform,ki6=glorot_uniform,layer1=1,layer2=1,loss=sparse_categorical_crossentropy,lr=0.001,optimizer=adamax,unit1=256,unit2=128	False
56	497	[0.67, 0.64, 0.66, 0.64, 0.66, 0.66, 0.64, 0.67, 0.67, 0.66]	[0.69, 0.7, 0.68, 0.68, 0.67, 0.68, 0.66, 0.68, 0.68, 0.68]	act1=relu,act2=hard_sigmoid,act3=relu,act4=relu,act5=relu,act6=softmax,batch_size=64,bi1=zeros,bi2=zeros,bi3=zeros,bi4=zeros,bi5=zeros,bi6=zeros,epochs=50,ki1=glorot_uniform,ki2=glorot_uniform,ki3=glorot_uniform,ki4=glorot_uniform,ki5=glorot_uniform,ki6=glorot_uniform,layer1=1,layer2=1,loss=sparse_categorical_crossentropy,lr=0.001,optimizer=adamax,unit1=256,unit2=128	act1=relu,act2=hard_sigmoid,act3=relu,act4=relu,act5=relu,act6=softmax,batch_size=64,bi1=zeros,bi2=zeros,bi3=zeros,bi4=zeros,bi5=zeros,bi6=zeros,epochs=50,ki1=glorot_uniform,ki2=glorot_uniform,ki3=glorot_uniform,ki4=glorot_uniform,ki5=glorot_uniform,ki6=glorot_uniform,layer1=1,layer2=0,loss=sparse_categorical_crossentropy,lr=0.001,optimizer=adamax,unit1=256,unit2=128	False
56	426	[0.67, 0.64, 0.66, 0.64, 0.66, 0.66, 0.64, 0.67, 0.67, 0.66]	[0.69, 0.65, 0.7, 0.67, 0.66, 0.67, 0.67, 0.67, 0.67, 0.67]	act1=relu,act2=hard_sigmoid,act3=relu,act4=relu,act5=relu,act6=softmax,batch_size=64,bi1=zeros,bi2=zeros,bi3=zeros,bi4=zeros,bi5=zeros,bi6=zeros,epochs=50,ki1=glorot_uniform,ki2=glorot_uniform,ki3=glorot_uniform,ki4=glorot_uniform,ki5=glorot_uniform,ki6=glorot_uniform,layer1=1,layer2=1,loss=sparse_categorical_crossentropy,lr=0.001,optimizer=adamax,unit1=256,unit2=128	act1=relu,act2=hard_sigmoid,act3=relu,act4=sigmoid,act5=relu,act6=softmax,batch_size=64,bi1=zeros,bi2=zeros,bi3=zeros,bi4=zeros,bi5=zeros,bi6=zeros,epochs=50,ki1=glorot_uniform,ki2=glorot_uniform,ki3=glorot_uniform,ki4=glorot_uniform,ki5=glorot_uniform,ki6=glorot_uniform,layer1=1,layer2=1,loss=sparse_categorical_crossentropy,lr=0.001,optimizer=adamax,unit1=256,unit2=128	False
56	429	[0.67, 0.64, 0.66, 0.64, 0.66, 0.66, 0.64, 0.67, 0.67, 0.66]	[0.68, 0.66, 0.67, 0.66, 0.68, 0.67, 0.66, 0.68, 0.68, 0.67]	act1=relu,act2=hard_sigmoid,act3=relu,act4=relu,act5=relu,act6=softmax,batch_size=64,bi1=zeros,bi2=zeros,bi3=zeros,bi4=zeros,bi5=zeros,bi6=zeros,epochs=50,ki1=glorot_uniform,ki2=glorot_uniform,ki3=glorot_uniform,ki4=glorot_uniform,ki5=glorot_uniform,ki6=glorot_uniform,layer1=1,layer2=1,loss=sparse_categorical_crossentropy,lr=0.001,optimizer=adamax,unit1=256,unit2=128	act1=relu,act2=hard_sigmoid,act3=relu,act4=relu,act5=sigmoid,act6=softmax,batch_size=64,bi1=zeros,bi2=zeros,bi3=zeros,bi4=zeros,bi5=zeros,bi6=zeros,epochs=50,ki1=glorot_uniform,ki2=glorot_uniform,ki3=glorot_uniform,ki4=glorot_uniform,ki5=glorot_uniform,ki6=glorot_uniform,layer1=1,layer2=1,loss=sparse_categorical_crossentropy,lr=0.001,optimizer=adamax,unit1=256,unit2=128	False
56	422	[0.67, 0.64, 0.66, 0.64, 0.66, 0.66, 0.64, 0.67, 0.67, 0.66]	[0.67, 0.67, 0.68, 0.68, 0.66, 0.66, 0.67, 0.66, 0.67, 0.67]	act1=relu,act2=hard_sigmoid,act3=relu,act4=relu,act5=relu,act6=softmax,batch_size=64,bi1=zeros,bi2=zeros,bi3=zeros,bi4=zeros,bi5=zeros,bi6=zeros,epochs=50,ki1=glorot_uniform,ki2=glorot_uniform,ki3=glorot_uniform,ki4=glorot_uniform,ki5=glorot_uniform,ki6=glorot_uniform,layer1=1,layer2=1,loss=sparse_categorical_crossentropy,lr=0.001,optimizer=adamax,unit1=256,unit2=128	act1=relu,act2=sigmoid,act3=relu,act4=relu,act5=relu,act6=softmax,batch_size=64,bi1=zeros,bi2=zeros,bi3=zeros,bi4=zeros,bi5=zeros,bi6=zeros,epochs=50,ki1=glorot_uniform,ki2=glorot_uniform,ki3=glorot_uniform,ki4=glorot_uniform,ki5=glorot_uniform,ki6=glorot_uniform,layer1=1,layer2=1,loss=sparse_categorical_crossentropy,lr=0.001,optimizer=adamax,unit1=256,unit2=128	False
140	506	[0.71, 0.71, 0.72, 0.71, 0.7, 0.69, 0.69, 0.69, 0.71, 0.7]	[0.71, 0.69, 0.7, 0.69, 0.69, 0.71, 0.71, 0.71, 0.68, 0.69]	act1=relu,act2=relu,act3=relu,act4=relu,act5=relu,act6=softmax,batch_size=64,bi1=zeros,bi2=zeros,bi3=zeros,bi4=zeros,bi5=zeros,bi6=zeros,epochs=50,ki1=glorot_uniform,ki2=glorot_uniform,ki3=glorot_uniform,ki4=glorot_uniform,ki5=glorot_uniform,ki6=glorot_uniform,layer1=1,layer2=1,loss=sparse_categorical_crossentropy,lr=0.001,optimizer=nadam,unit1=256,unit2=128	act1=relu,act2=relu,act3=exponential,act4=relu,act5=relu,act6=softmax,batch_size=64,bi1=zeros,bi2=zeros,bi3=zeros,bi4=zeros,bi5=zeros,bi6=zeros,epochs=50,ki1=glorot_uniform,ki2=glorot_uniform,ki3=glorot_uniform,ki4=glorot_uniform,ki5=glorot_uniform,ki6=glorot_uniform,layer1=1,layer2=1,loss=sparse_categorical_crossentropy,lr=0.001,optimizer=nadam,unit1=256,unit2=128	True
140	508	[0.71, 0.71, 0.72, 0.71, 0.7, 0.69, 0.69, 0.69, 0.71, 0.7]	[0.7, 0.71, 0.71, 0.71, 0.71, 0.7, 0.7, 0.69, 0.7, 0.69]	act1=relu,act2=relu,act3=relu,act4=relu,act5=relu,act6=softmax,batch_size=64,bi1=zeros,bi2=zeros,bi3=zeros,bi4=zeros,bi5=zeros,bi6=zeros,epochs=50,ki1=glorot_uniform,ki2=glorot_uniform,ki3=glorot_uniform,ki4=glorot_uniform,ki5=glorot_uniform,ki6=glorot_uniform,layer1=1,layer2=1,loss=sparse_categorical_crossentropy,lr=0.001,optimizer=nadam,unit1=256,unit2=128	act1=relu,act2=relu,act3=relu,act4=sigmoid,act5=relu,act6=softmax,batch_size=64,bi1=zeros,bi2=zeros,bi3=zeros,bi4=zeros,bi5=zeros,bi6=zeros,epochs=50,ki1=glorot_uniform,ki2=glorot_uniform,ki3=glorot_uniform,ki4=glorot_uniform,ki5=glorot_uniform,ki6=glorot_uniform,layer1=1,layer2=1,loss=sparse_categorical_crossentropy,lr=0.001,optimizer=nadam,unit1=256,unit2=128	True
140	511	[0.71, 0.71, 0.72, 0.71, 0.7, 0.69, 0.69, 0.69, 0.71, 0.7]	[0.68, 0.69, 0.71, 0.71, 0.7, 0.71, 0.7, 0.7, 0.69, 0.72]	act1=relu,act2=relu,act3=relu,act4=relu,act5=relu,act6=softmax,batch_size=64,bi1=zeros,bi2=zeros,bi3=zeros,bi4=zeros,bi5=zeros,bi6=zeros,epochs=50,ki1=glorot_uniform,ki2=glorot_uniform,ki3=glorot_uniform,ki4=glorot_uniform,ki5=glorot_uniform,ki6=glorot_uniform,layer1=1,layer2=1,loss=sparse_categorical_crossentropy,lr=0.001,optimizer=nadam,unit1=256,unit2=128	act1=relu,act2=relu,act3=relu,act4=relu,act5=sigmoid,act6=softmax,batch_size=64,bi1=zeros,bi2=zeros,bi3=zeros,bi4=zeros,bi5=zeros,bi6=zeros,epochs=50,ki1=glorot_uniform,ki2=glorot_uniform,ki3=glorot_uniform,ki4=glorot_uniform,ki5=glorot_uniform,ki6=glorot_uniform,layer1=1,layer2=1,loss=sparse_categorical_crossentropy,lr=0.001,optimizer=nadam,unit1=256,unit2=128	True
140	516	[0.71, 0.71, 0.72, 0.71, 0.7, 0.69, 0.69, 0.69, 0.71, 0.7]	[0.7, 0.7, 0.71, 0.7, 0.7, 0.69, 0.7, 0.7, 0.72, 0.71]	act1=relu,act2=relu,act3=relu,act4=relu,act5=relu,act6=softmax,batch_size=64,bi1=zeros,bi2=zeros,bi3=zeros,bi4=zeros,bi5=zeros,bi6=zeros,epochs=50,ki1=glorot_uniform,ki2=glorot_uniform,ki3=glorot_uniform,ki4=glorot_uniform,ki5=glorot_uniform,ki6=glorot_uniform,layer1=1,layer2=1,loss=sparse_categorical_crossentropy,lr=0.001,optimizer=nadam,unit1=256,unit2=128	act1=relu,act2=relu,act3=relu,act4=relu,act5=relu,act6=exponential,batch_size=64,bi1=zeros,bi2=zeros,bi3=zeros,bi4=zeros,bi5=zeros,bi6=zeros,epochs=50,ki1=glorot_uniform,ki2=glorot_uniform,ki3=glorot_uniform,ki4=glorot_uniform,ki5=glorot_uniform,ki6=glorot_uniform,layer1=1,layer2=1,loss=sparse_categorical_crossentropy,lr=0.001,optimizer=nadam,unit1=256,unit2=128	True
140	519	[0.71, 0.71, 0.72, 0.71, 0.7, 0.69, 0.69, 0.69, 0.71, 0.7]	[0.71, 0.69, 0.69, 0.7, 0.69, 0.7, 0.71, 0.7, 0.69, 0.7]	act1=relu,act2=relu,act3=relu,act4=relu,act5=relu,act6=softmax,batch_size=64,bi1=zeros,bi2=zeros,bi3=zeros,bi4=zeros,bi5=zeros,bi6=zeros,epochs=50,ki1=glorot_uniform,ki2=glorot_uniform,ki3=glorot_uniform,ki4=glorot_uniform,ki5=glorot_uniform,ki6=glorot_uniform,layer1=1,layer2=1,loss=sparse_categorical_crossentropy,lr=0.001,optimizer=nadam,unit1=256,unit2=128	act1=relu,act2=relu,act3=relu,act4=relu,act5=relu,act6=softmax,batch_size=64,bi1=zeros,bi2=zeros,bi3=zeros,bi4=zeros,bi5=zeros,bi6=zeros,epochs=50,ki1=random_normal,ki2=glorot_uniform,ki3=glorot_uniform,ki4=glorot_uniform,ki5=glorot_uniform,ki6=glorot_uniform,layer1=1,layer2=1,loss=sparse_categorical_crossentropy,lr=0.001,optimizer=nadam,unit1=256,unit2=128	True
140	524	[0.71, 0.71, 0.72, 0.71, 0.7, 0.69, 0.69, 0.69, 0.71, 0.7]	[0.7, 0.7, 0.7, 0.7, 0.7, 0.69, 0.71, 0.7, 0.7, 0.71]	act1=relu,act2=relu,act3=relu,act4=relu,act5=relu,act6=softmax,batch_size=64,bi1=zeros,bi2=zeros,bi3=zeros,bi4=zeros,bi5=zeros,bi6=zeros,epochs=50,ki1=glorot_uniform,ki2=glorot_uniform,ki3=glorot_uniform,ki4=glorot_uniform,ki5=glorot_uniform,ki6=glorot_uniform,layer1=1,layer2=1,loss=sparse_categorical_crossentropy,lr=0.001,optimizer=nadam,unit1=256,unit2=128	act1=relu,act2=relu,act3=relu,act4=relu,act5=relu,act6=softmax,batch_size=64,bi1=zeros,bi2=zeros,bi3=zeros,bi4=zeros,bi5=zeros,bi6=zeros,epochs=50,ki1=glorot_uniform,ki2=glorot_normal,ki3=glorot_uniform,ki4=glorot_uniform,ki5=glorot_uniform,ki6=glorot_uniform,layer1=1,layer2=1,loss=sparse_categorical_crossentropy,lr=0.001,optimizer=nadam,unit1=256,unit2=128	True
140	527	[0.71, 0.71, 0.72, 0.71, 0.7, 0.69, 0.69, 0.69, 0.71, 0.7]	[0.7, 0.71, 0.69, 0.69, 0.71, 0.7, 0.71, 0.7, 0.7, 0.68]	act1=relu,act2=relu,act3=relu,act4=relu,act5=relu,act6=softmax,batch_size=64,bi1=zeros,bi2=zeros,bi3=zeros,bi4=zeros,bi5=zeros,bi6=zeros,epochs=50,ki1=glorot_uniform,ki2=glorot_uniform,ki3=glorot_uniform,ki4=glorot_uniform,ki5=glorot_uniform,ki6=glorot_uniform,layer1=1,layer2=1,loss=sparse_categorical_crossentropy,lr=0.001,optimizer=nadam,unit1=256,unit2=128	act1=relu,act2=relu,act3=relu,act4=relu,act5=relu,act6=softmax,batch_size=64,bi1=zeros,bi2=glorot_normal,bi3=zeros,bi4=zeros,bi5=zeros,bi6=zeros,epochs=50,ki1=glorot_uniform,ki2=glorot_uniform,ki3=glorot_uniform,ki4=glorot_uniform,ki5=glorot_uniform,ki6=glorot_uniform,layer1=1,layer2=1,loss=sparse_categorical_crossentropy,lr=0.001,optimizer=nadam,unit1=256,unit2=128	True
140	528	[0.71, 0.71, 0.72, 0.71, 0.7, 0.69, 0.69, 0.69, 0.71, 0.7]	[0.7, 0.69, 0.72, 0.69, 0.71, 0.68, 0.71, 0.69, 0.71, 0.69]	act1=relu,act2=relu,act3=relu,act4=relu,act5=relu,act6=softmax,batch_size=64,bi1=zeros,bi2=zeros,bi3=zeros,bi4=zeros,bi5=zeros,bi6=zeros,epochs=50,ki1=glorot_uniform,ki2=glorot_uniform,ki3=glorot_uniform,ki4=glorot_uniform,ki5=glorot_uniform,ki6=glorot_uniform,layer1=1,layer2=1,loss=sparse_categorical_crossentropy,lr=0.001,optimizer=nadam,unit1=256,unit2=128	act1=relu,act2=relu,act3=relu,act4=relu,act5=relu,act6=softmax,batch_size=64,bi1=zeros,bi2=random_normal,bi3=zeros,bi4=zeros,bi5=zeros,bi6=zeros,epochs=50,ki1=glorot_uniform,ki2=glorot_uniform,ki3=glorot_uniform,ki4=glorot_uniform,ki5=glorot_uniform,ki6=glorot_uniform,layer1=1,layer2=1,loss=sparse_categorical_crossentropy,lr=0.001,optimizer=nadam,unit1=256,unit2=128	True
140	529	[0.71, 0.71, 0.72, 0.71, 0.7, 0.69, 0.69, 0.69, 0.71, 0.7]	[0.71, 0.69, 0.69, 0.71, 0.69, 0.7, 0.71, 0.7, 0.68, 0.71]	act1=relu,act2=relu,act3=relu,act4=relu,act5=relu,act6=softmax,batch_size=64,bi1=zeros,bi2=zeros,bi3=zeros,bi4=zeros,bi5=zeros,bi6=zeros,epochs=50,ki1=glorot_uniform,ki2=glorot_uniform,ki3=glorot_uniform,ki4=glorot_uniform,ki5=glorot_uniform,ki6=glorot_uniform,layer1=1,layer2=1,loss=sparse_categorical_crossentropy,lr=0.001,optimizer=nadam,unit1=256,unit2=128	act1=relu,act2=relu,act3=relu,act4=relu,act5=relu,act6=softmax,batch_size=64,bi1=zeros,bi2=zeros,bi3=zeros,bi4=zeros,bi5=zeros,bi6=zeros,epochs=50,ki1=glorot_uniform,ki2=glorot_uniform,ki3=he_normal,ki4=glorot_uniform,ki5=glorot_uniform,ki6=glorot_uniform,layer1=1,layer2=1,loss=sparse_categorical_crossentropy,lr=0.001,optimizer=nadam,unit1=256,unit2=128	True
140	530	[0.71, 0.71, 0.72, 0.71, 0.7, 0.69, 0.69, 0.69, 0.71, 0.7]	[0.71, 0.7, 0.69, 0.71, 0.71, 0.7, 0.72, 0.7, 0.71, 0.68]	act1=relu,act2=relu,act3=relu,act4=relu,act5=relu,act6=softmax,batch_size=64,bi1=zeros,bi2=zeros,bi3=zeros,bi4=zeros,bi5=zeros,bi6=zeros,epochs=50,ki1=glorot_uniform,ki2=glorot_uniform,ki3=glorot_uniform,ki4=glorot_uniform,ki5=glorot_uniform,ki6=glorot_uniform,layer1=1,layer2=1,loss=sparse_categorical_crossentropy,lr=0.001,optimizer=nadam,unit1=256,unit2=128	act1=relu,act2=relu,act3=relu,act4=relu,act5=relu,act6=softmax,batch_size=64,bi1=zeros,bi2=zeros,bi3=zeros,bi4=zeros,bi5=zeros,bi6=zeros,epochs=50,ki1=glorot_uniform,ki2=glorot_uniform,ki3=glorot_normal,ki4=glorot_uniform,ki5=glorot_uniform,ki6=glorot_uniform,layer1=1,layer2=1,loss=sparse_categorical_crossentropy,lr=0.001,optimizer=nadam,unit1=256,unit2=128	True
140	531	[0.71, 0.71, 0.72, 0.71, 0.7, 0.69, 0.69, 0.69, 0.71, 0.7]	[0.68, 0.7, 0.71, 0.7, 0.7, 0.7, 0.7, 0.71, 0.69, 0.69]	act1=relu,act2=relu,act3=relu,act4=relu,act5=relu,act6=softmax,batch_size=64,bi1=zeros,bi2=zeros,bi3=zeros,bi4=zeros,bi5=zeros,bi6=zeros,epochs=50,ki1=glorot_uniform,ki2=glorot_uniform,ki3=glorot_uniform,ki4=glorot_uniform,ki5=glorot_uniform,ki6=glorot_uniform,layer1=1,layer2=1,loss=sparse_categorical_crossentropy,lr=0.001,optimizer=nadam,unit1=256,unit2=128	act1=relu,act2=relu,act3=relu,act4=relu,act5=relu,act6=softmax,batch_size=64,bi1=zeros,bi2=zeros,bi3=zeros,bi4=zeros,bi5=zeros,bi6=zeros,epochs=50,ki1=glorot_uniform,ki2=glorot_uniform,ki3=random_normal,ki4=glorot_uniform,ki5=glorot_uniform,ki6=glorot_uniform,layer1=1,layer2=1,loss=sparse_categorical_crossentropy,lr=0.001,optimizer=nadam,unit1=256,unit2=128	True
140	532	[0.71, 0.71, 0.72, 0.71, 0.7, 0.69, 0.69, 0.69, 0.71, 0.7]	[0.7, 0.7, 0.71, 0.69, 0.69, 0.71, 0.7, 0.69, 0.7, 0.71]	act1=relu,act2=relu,act3=relu,act4=relu,act5=relu,act6=softmax,batch_size=64,bi1=zeros,bi2=zeros,bi3=zeros,bi4=zeros,bi5=zeros,bi6=zeros,epochs=50,ki1=glorot_uniform,ki2=glorot_uniform,ki3=glorot_uniform,ki4=glorot_uniform,ki5=glorot_uniform,ki6=glorot_uniform,layer1=1,layer2=1,loss=sparse_categorical_crossentropy,lr=0.001,optimizer=nadam,unit1=256,unit2=128	act1=relu,act2=relu,act3=relu,act4=relu,act5=relu,act6=softmax,batch_size=64,bi1=zeros,bi2=zeros,bi3=he_normal,bi4=zeros,bi5=zeros,bi6=zeros,epochs=50,ki1=glorot_uniform,ki2=glorot_uniform,ki3=glorot_uniform,ki4=glorot_uniform,ki5=glorot_uniform,ki6=glorot_uniform,layer1=1,layer2=1,loss=sparse_categorical_crossentropy,lr=0.001,optimizer=nadam,unit1=256,unit2=128	True
140	533	[0.71, 0.71, 0.72, 0.71, 0.7, 0.69, 0.69, 0.69, 0.71, 0.7]	[0.71, 0.7, 0.69, 0.7, 0.7, 0.71, 0.72, 0.69, 0.7, 0.7]	act1=relu,act2=relu,act3=relu,act4=relu,act5=relu,act6=softmax,batch_size=64,bi1=zeros,bi2=zeros,bi3=zeros,bi4=zeros,bi5=zeros,bi6=zeros,epochs=50,ki1=glorot_uniform,ki2=glorot_uniform,ki3=glorot_uniform,ki4=glorot_uniform,ki5=glorot_uniform,ki6=glorot_uniform,layer1=1,layer2=1,loss=sparse_categorical_crossentropy,lr=0.001,optimizer=nadam,unit1=256,unit2=128	act1=relu,act2=relu,act3=relu,act4=relu,act5=relu,act6=softmax,batch_size=64,bi1=zeros,bi2=zeros,bi3=glorot_normal,bi4=zeros,bi5=zeros,bi6=zeros,epochs=50,ki1=glorot_uniform,ki2=glorot_uniform,ki3=glorot_uniform,ki4=glorot_uniform,ki5=glorot_uniform,ki6=glorot_uniform,layer1=1,layer2=1,loss=sparse_categorical_crossentropy,lr=0.001,optimizer=nadam,unit1=256,unit2=128	True
140	534	[0.71, 0.71, 0.72, 0.71, 0.7, 0.69, 0.69, 0.69, 0.71, 0.7]	[0.7, 0.7, 0.69, 0.71, 0.68, 0.7, 0.7, 0.72, 0.7, 0.71]	act1=relu,act2=relu,act3=relu,act4=relu,act5=relu,act6=softmax,batch_size=64,bi1=zeros,bi2=zeros,bi3=zeros,bi4=zeros,bi5=zeros,bi6=zeros,epochs=50,ki1=glorot_uniform,ki2=glorot_uniform,ki3=glorot_uniform,ki4=glorot_uniform,ki5=glorot_uniform,ki6=glorot_uniform,layer1=1,layer2=1,loss=sparse_categorical_crossentropy,lr=0.001,optimizer=nadam,unit1=256,unit2=128	act1=relu,act2=relu,act3=relu,act4=relu,act5=relu,act6=softmax,batch_size=64,bi1=zeros,bi2=zeros,bi3=random_normal,bi4=zeros,bi5=zeros,bi6=zeros,epochs=50,ki1=glorot_uniform,ki2=glorot_uniform,ki3=glorot_uniform,ki4=glorot_uniform,ki5=glorot_uniform,ki6=glorot_uniform,layer1=1,layer2=1,loss=sparse_categorical_crossentropy,lr=0.001,optimizer=nadam,unit1=256,unit2=128	True
140	535	[0.71, 0.71, 0.72, 0.71, 0.7, 0.69, 0.69, 0.69, 0.71, 0.7]	[0.7, 0.7, 0.71, 0.7, 0.7, 0.71, 0.7, 0.68, 0.71, 0.7]	act1=relu,act2=relu,act3=relu,act4=relu,act5=relu,act6=softmax,batch_size=64,bi1=zeros,bi2=zeros,bi3=zeros,bi4=zeros,bi5=zeros,bi6=zeros,epochs=50,ki1=glorot_uniform,ki2=glorot_uniform,ki3=glorot_uniform,ki4=glorot_uniform,ki5=glorot_uniform,ki6=glorot_uniform,layer1=1,layer2=1,loss=sparse_categorical_crossentropy,lr=0.001,optimizer=nadam,unit1=256,unit2=128	act1=relu,act2=relu,act3=relu,act4=relu,act5=relu,act6=softmax,batch_size=64,bi1=zeros,bi2=zeros,bi3=zeros,bi4=zeros,bi5=zeros,bi6=zeros,epochs=50,ki1=glorot_uniform,ki2=glorot_uniform,ki3=glorot_uniform,ki4=he_normal,ki5=glorot_uniform,ki6=glorot_uniform,layer1=1,layer2=1,loss=sparse_categorical_crossentropy,lr=0.001,optimizer=nadam,unit1=256,unit2=128	True
140	536	[0.71, 0.71, 0.72, 0.71, 0.7, 0.69, 0.69, 0.69, 0.71, 0.7]	[0.69, 0.7, 0.7, 0.71, 0.7, 0.69, 0.7, 0.69, 0.7, 0.71]	act1=relu,act2=relu,act3=relu,act4=relu,act5=relu,act6=softmax,batch_size=64,bi1=zeros,bi2=zeros,bi3=zeros,bi4=zeros,bi5=zeros,bi6=zeros,epochs=50,ki1=glorot_uniform,ki2=glorot_uniform,ki3=glorot_uniform,ki4=glorot_uniform,ki5=glorot_uniform,ki6=glorot_uniform,layer1=1,layer2=1,loss=sparse_categorical_crossentropy,lr=0.001,optimizer=nadam,unit1=256,unit2=128	act1=relu,act2=relu,act3=relu,act4=relu,act5=relu,act6=softmax,batch_size=64,bi1=zeros,bi2=zeros,bi3=zeros,bi4=zeros,bi5=zeros,bi6=zeros,epochs=50,ki1=glorot_uniform,ki2=glorot_uniform,ki3=glorot_uniform,ki4=glorot_normal,ki5=glorot_uniform,ki6=glorot_uniform,layer1=1,layer2=1,loss=sparse_categorical_crossentropy,lr=0.001,optimizer=nadam,unit1=256,unit2=128	True
140	538	[0.71, 0.71, 0.72, 0.71, 0.7, 0.69, 0.69, 0.69, 0.71, 0.7]	[0.72, 0.69, 0.7, 0.7, 0.7, 0.7, 0.71, 0.69, 0.68, 0.71]	act1=relu,act2=relu,act3=relu,act4=relu,act5=relu,act6=softmax,batch_size=64,bi1=zeros,bi2=zeros,bi3=zeros,bi4=zeros,bi5=zeros,bi6=zeros,epochs=50,ki1=glorot_uniform,ki2=glorot_uniform,ki3=glorot_uniform,ki4=glorot_uniform,ki5=glorot_uniform,ki6=glorot_uniform,layer1=1,layer2=1,loss=sparse_categorical_crossentropy,lr=0.001,optimizer=nadam,unit1=256,unit2=128	act1=relu,act2=relu,act3=relu,act4=relu,act5=relu,act6=softmax,batch_size=64,bi1=zeros,bi2=zeros,bi3=zeros,bi4=he_normal,bi5=zeros,bi6=zeros,epochs=50,ki1=glorot_uniform,ki2=glorot_uniform,ki3=glorot_uniform,ki4=glorot_uniform,ki5=glorot_uniform,ki6=glorot_uniform,layer1=1,layer2=1,loss=sparse_categorical_crossentropy,lr=0.001,optimizer=nadam,unit1=256,unit2=128	True
140	541	[0.71, 0.71, 0.72, 0.71, 0.7, 0.69, 0.69, 0.69, 0.71, 0.7]	[0.72, 0.69, 0.69, 0.7, 0.72, 0.7, 0.68, 0.7, 0.69, 0.71]	act1=relu,act2=relu,act3=relu,act4=relu,act5=relu,act6=softmax,batch_size=64,bi1=zeros,bi2=zeros,bi3=zeros,bi4=zeros,bi5=zeros,bi6=zeros,epochs=50,ki1=glorot_uniform,ki2=glorot_uniform,ki3=glorot_uniform,ki4=glorot_uniform,ki5=glorot_uniform,ki6=glorot_uniform,layer1=1,layer2=1,loss=sparse_categorical_crossentropy,lr=0.001,optimizer=nadam,unit1=256,unit2=128	act1=relu,act2=relu,act3=relu,act4=relu,act5=relu,act6=softmax,batch_size=64,bi1=zeros,bi2=zeros,bi3=zeros,bi4=zeros,bi5=zeros,bi6=zeros,epochs=50,ki1=glorot_uniform,ki2=glorot_uniform,ki3=glorot_uniform,ki4=glorot_uniform,ki5=he_normal,ki6=glorot_uniform,layer1=1,layer2=1,loss=sparse_categorical_crossentropy,lr=0.001,optimizer=nadam,unit1=256,unit2=128	True
140	542	[0.71, 0.71, 0.72, 0.71, 0.7, 0.69, 0.69, 0.69, 0.71, 0.7]	[0.68, 0.7, 0.7, 0.7, 0.7, 0.7, 0.7, 0.71, 0.72, 0.7]	act1=relu,act2=relu,act3=relu,act4=relu,act5=relu,act6=softmax,batch_size=64,bi1=zeros,bi2=zeros,bi3=zeros,bi4=zeros,bi5=zeros,bi6=zeros,epochs=50,ki1=glorot_uniform,ki2=glorot_uniform,ki3=glorot_uniform,ki4=glorot_uniform,ki5=glorot_uniform,ki6=glorot_uniform,layer1=1,layer2=1,loss=sparse_categorical_crossentropy,lr=0.001,optimizer=nadam,unit1=256,unit2=128	act1=relu,act2=relu,act3=relu,act4=relu,act5=relu,act6=softmax,batch_size=64,bi1=zeros,bi2=zeros,bi3=zeros,bi4=zeros,bi5=zeros,bi6=zeros,epochs=50,ki1=glorot_uniform,ki2=glorot_uniform,ki3=glorot_uniform,ki4=glorot_uniform,ki5=glorot_normal,ki6=glorot_uniform,layer1=1,layer2=1,loss=sparse_categorical_crossentropy,lr=0.001,optimizer=nadam,unit1=256,unit2=128	True
140	543	[0.71, 0.71, 0.72, 0.71, 0.7, 0.69, 0.69, 0.69, 0.71, 0.7]	[0.7, 0.69, 0.71, 0.69, 0.72, 0.68, 0.69, 0.71, 0.71, 0.7]	act1=relu,act2=relu,act3=relu,act4=relu,act5=relu,act6=softmax,batch_size=64,bi1=zeros,bi2=zeros,bi3=zeros,bi4=zeros,bi5=zeros,bi6=zeros,epochs=50,ki1=glorot_uniform,ki2=glorot_uniform,ki3=glorot_uniform,ki4=glorot_uniform,ki5=glorot_uniform,ki6=glorot_uniform,layer1=1,layer2=1,loss=sparse_categorical_crossentropy,lr=0.001,optimizer=nadam,unit1=256,unit2=128	act1=relu,act2=relu,act3=relu,act4=relu,act5=relu,act6=softmax,batch_size=64,bi1=zeros,bi2=zeros,bi3=zeros,bi4=zeros,bi5=zeros,bi6=zeros,epochs=50,ki1=glorot_uniform,ki2=glorot_uniform,ki3=glorot_uniform,ki4=glorot_uniform,ki5=random_normal,ki6=glorot_uniform,layer1=1,layer2=1,loss=sparse_categorical_crossentropy,lr=0.001,optimizer=nadam,unit1=256,unit2=128	True
140	544	[0.71, 0.71, 0.72, 0.71, 0.7, 0.69, 0.69, 0.69, 0.71, 0.7]	[0.71, 0.7, 0.7, 0.69, 0.7, 0.69, 0.7, 0.71, 0.7, 0.71]	act1=relu,act2=relu,act3=relu,act4=relu,act5=relu,act6=softmax,batch_size=64,bi1=zeros,bi2=zeros,bi3=zeros,bi4=zeros,bi5=zeros,bi6=zeros,epochs=50,ki1=glorot_uniform,ki2=glorot_uniform,ki3=glorot_uniform,ki4=glorot_uniform,ki5=glorot_uniform,ki6=glorot_uniform,layer1=1,layer2=1,loss=sparse_categorical_crossentropy,lr=0.001,optimizer=nadam,unit1=256,unit2=128	act1=relu,act2=relu,act3=relu,act4=relu,act5=relu,act6=softmax,batch_size=64,bi1=zeros,bi2=zeros,bi3=zeros,bi4=zeros,bi5=he_normal,bi6=zeros,epochs=50,ki1=glorot_uniform,ki2=glorot_uniform,ki3=glorot_uniform,ki4=glorot_uniform,ki5=glorot_uniform,ki6=glorot_uniform,layer1=1,layer2=1,loss=sparse_categorical_crossentropy,lr=0.001,optimizer=nadam,unit1=256,unit2=128	True
140	546	[0.71, 0.71, 0.72, 0.71, 0.7, 0.69, 0.69, 0.69, 0.71, 0.7]	[0.71, 0.69, 0.7, 0.71, 0.7, 0.69, 0.69, 0.71, 0.7, 0.7]	act1=relu,act2=relu,act3=relu,act4=relu,act5=relu,act6=softmax,batch_size=64,bi1=zeros,bi2=zeros,bi3=zeros,bi4=zeros,bi5=zeros,bi6=zeros,epochs=50,ki1=glorot_uniform,ki2=glorot_uniform,ki3=glorot_uniform,ki4=glorot_uniform,ki5=glorot_uniform,ki6=glorot_uniform,layer1=1,layer2=1,loss=sparse_categorical_crossentropy,lr=0.001,optimizer=nadam,unit1=256,unit2=128	act1=relu,act2=relu,act3=relu,act4=relu,act5=relu,act6=softmax,batch_size=64,bi1=zeros,bi2=zeros,bi3=zeros,bi4=zeros,bi5=random_normal,bi6=zeros,epochs=50,ki1=glorot_uniform,ki2=glorot_uniform,ki3=glorot_uniform,ki4=glorot_uniform,ki5=glorot_uniform,ki6=glorot_uniform,layer1=1,layer2=1,loss=sparse_categorical_crossentropy,lr=0.001,optimizer=nadam,unit1=256,unit2=128	True
140	547	[0.71, 0.71, 0.72, 0.71, 0.7, 0.69, 0.69, 0.69, 0.71, 0.7]	[0.7, 0.7, 0.71, 0.7, 0.7, 0.69, 0.7, 0.71, 0.69, 0.7]	act1=relu,act2=relu,act3=relu,act4=relu,act5=relu,act6=softmax,batch_size=64,bi1=zeros,bi2=zeros,bi3=zeros,bi4=zeros,bi5=zeros,bi6=zeros,epochs=50,ki1=glorot_uniform,ki2=glorot_uniform,ki3=glorot_uniform,ki4=glorot_uniform,ki5=glorot_uniform,ki6=glorot_uniform,layer1=1,layer2=1,loss=sparse_categorical_crossentropy,lr=0.001,optimizer=nadam,unit1=256,unit2=128	act1=relu,act2=relu,act3=relu,act4=relu,act5=relu,act6=softmax,batch_size=64,bi1=zeros,bi2=zeros,bi3=zeros,bi4=zeros,bi5=zeros,bi6=zeros,epochs=50,ki1=glorot_uniform,ki2=glorot_uniform,ki3=glorot_uniform,ki4=glorot_uniform,ki5=glorot_uniform,ki6=he_normal,layer1=1,layer2=1,loss=sparse_categorical_crossentropy,lr=0.001,optimizer=nadam,unit1=256,unit2=128	True
140	548	[0.71, 0.71, 0.72, 0.71, 0.7, 0.69, 0.69, 0.69, 0.71, 0.7]	[0.71, 0.7, 0.68, 0.7, 0.71, 0.7, 0.7, 0.71, 0.69, 0.69]	act1=relu,act2=relu,act3=relu,act4=relu,act5=relu,act6=softmax,batch_size=64,bi1=zeros,bi2=zeros,bi3=zeros,bi4=zeros,bi5=zeros,bi6=zeros,epochs=50,ki1=glorot_uniform,ki2=glorot_uniform,ki3=glorot_uniform,ki4=glorot_uniform,ki5=glorot_uniform,ki6=glorot_uniform,layer1=1,layer2=1,loss=sparse_categorical_crossentropy,lr=0.001,optimizer=nadam,unit1=256,unit2=128	act1=relu,act2=relu,act3=relu,act4=relu,act5=relu,act6=softmax,batch_size=64,bi1=zeros,bi2=zeros,bi3=zeros,bi4=zeros,bi5=zeros,bi6=zeros,epochs=50,ki1=glorot_uniform,ki2=glorot_uniform,ki3=glorot_uniform,ki4=glorot_uniform,ki5=glorot_uniform,ki6=glorot_normal,layer1=1,layer2=1,loss=sparse_categorical_crossentropy,lr=0.001,optimizer=nadam,unit1=256,unit2=128	True
140	549	[0.71, 0.71, 0.72, 0.71, 0.7, 0.69, 0.69, 0.69, 0.71, 0.7]	[0.7, 0.71, 0.69, 0.7, 0.71, 0.7, 0.7, 0.7, 0.7, 0.7]	act1=relu,act2=relu,act3=relu,act4=relu,act5=relu,act6=softmax,batch_size=64,bi1=zeros,bi2=zeros,bi3=zeros,bi4=zeros,bi5=zeros,bi6=zeros,epochs=50,ki1=glorot_uniform,ki2=glorot_uniform,ki3=glorot_uniform,ki4=glorot_uniform,ki5=glorot_uniform,ki6=glorot_uniform,layer1=1,layer2=1,loss=sparse_categorical_crossentropy,lr=0.001,optimizer=nadam,unit1=256,unit2=128	act1=relu,act2=relu,act3=relu,act4=relu,act5=relu,act6=softmax,batch_size=64,bi1=zeros,bi2=zeros,bi3=zeros,bi4=zeros,bi5=zeros,bi6=zeros,epochs=50,ki1=glorot_uniform,ki2=glorot_uniform,ki3=glorot_uniform,ki4=glorot_uniform,ki5=glorot_uniform,ki6=random_normal,layer1=1,layer2=1,loss=sparse_categorical_crossentropy,lr=0.001,optimizer=nadam,unit1=256,unit2=128	True
140	551	[0.71, 0.71, 0.72, 0.71, 0.7, 0.69, 0.69, 0.69, 0.71, 0.7]	[0.7, 0.7, 0.7, 0.7, 0.69, 0.71, 0.7, 0.72, 0.71, 0.7]	act1=relu,act2=relu,act3=relu,act4=relu,act5=relu,act6=softmax,batch_size=64,bi1=zeros,bi2=zeros,bi3=zeros,bi4=zeros,bi5=zeros,bi6=zeros,epochs=50,ki1=glorot_uniform,ki2=glorot_uniform,ki3=glorot_uniform,ki4=glorot_uniform,ki5=glorot_uniform,ki6=glorot_uniform,layer1=1,layer2=1,loss=sparse_categorical_crossentropy,lr=0.001,optimizer=nadam,unit1=256,unit2=128	act1=relu,act2=relu,act3=relu,act4=relu,act5=relu,act6=softmax,batch_size=64,bi1=zeros,bi2=zeros,bi3=zeros,bi4=zeros,bi5=zeros,bi6=glorot_normal,epochs=50,ki1=glorot_uniform,ki2=glorot_uniform,ki3=glorot_uniform,ki4=glorot_uniform,ki5=glorot_uniform,ki6=glorot_uniform,layer1=1,layer2=1,loss=sparse_categorical_crossentropy,lr=0.001,optimizer=nadam,unit1=256,unit2=128	True
140	552	[0.71, 0.71, 0.72, 0.71, 0.7, 0.69, 0.69, 0.69, 0.71, 0.7]	[0.69, 0.69, 0.7, 0.72, 0.69, 0.69, 0.71, 0.71, 0.7, 0.7]	act1=relu,act2=relu,act3=relu,act4=relu,act5=relu,act6=softmax,batch_size=64,bi1=zeros,bi2=zeros,bi3=zeros,bi4=zeros,bi5=zeros,bi6=zeros,epochs=50,ki1=glorot_uniform,ki2=glorot_uniform,ki3=glorot_uniform,ki4=glorot_uniform,ki5=glorot_uniform,ki6=glorot_uniform,layer1=1,layer2=1,loss=sparse_categorical_crossentropy,lr=0.001,optimizer=nadam,unit1=256,unit2=128	act1=relu,act2=relu,act3=relu,act4=relu,act5=relu,act6=softmax,batch_size=64,bi1=zeros,bi2=zeros,bi3=zeros,bi4=zeros,bi5=zeros,bi6=random_normal,epochs=50,ki1=glorot_uniform,ki2=glorot_uniform,ki3=glorot_uniform,ki4=glorot_uniform,ki5=glorot_uniform,ki6=glorot_uniform,layer1=1,layer2=1,loss=sparse_categorical_crossentropy,lr=0.001,optimizer=nadam,unit1=256,unit2=128	True
140	557	[0.71, 0.71, 0.72, 0.71, 0.7, 0.69, 0.69, 0.69, 0.71, 0.7]	[0.71, 0.71, 0.69, 0.69, 0.69, 0.69, 0.71, 0.7, 0.69, 0.72]	act1=relu,act2=relu,act3=relu,act4=relu,act5=relu,act6=softmax,batch_size=64,bi1=zeros,bi2=zeros,bi3=zeros,bi4=zeros,bi5=zeros,bi6=zeros,epochs=50,ki1=glorot_uniform,ki2=glorot_uniform,ki3=glorot_uniform,ki4=glorot_uniform,ki5=glorot_uniform,ki6=glorot_uniform,layer1=1,layer2=1,loss=sparse_categorical_crossentropy,lr=0.001,optimizer=nadam,unit1=256,unit2=128	act1=relu,act2=relu,act3=relu,act4=relu,act5=relu,act6=softmax,batch_size=128,bi1=zeros,bi2=zeros,bi3=zeros,bi4=zeros,bi5=zeros,bi6=zeros,epochs=50,ki1=glorot_uniform,ki2=glorot_uniform,ki3=glorot_uniform,ki4=glorot_uniform,ki5=glorot_uniform,ki6=glorot_uniform,layer1=1,layer2=1,loss=sparse_categorical_crossentropy,lr=0.001,optimizer=nadam,unit1=256,unit2=128	True
140	559	[0.71, 0.71, 0.72, 0.71, 0.7, 0.69, 0.69, 0.69, 0.71, 0.7]	[0.7, 0.69, 0.7, 0.7, 0.66, 0.71, 0.71, 0.7, 0.71, 0.7]	act1=relu,act2=relu,act3=relu,act4=relu,act5=relu,act6=softmax,batch_size=64,bi1=zeros,bi2=zeros,bi3=zeros,bi4=zeros,bi5=zeros,bi6=zeros,epochs=50,ki1=glorot_uniform,ki2=glorot_uniform,ki3=glorot_uniform,ki4=glorot_uniform,ki5=glorot_uniform,ki6=glorot_uniform,layer1=1,layer2=1,loss=sparse_categorical_crossentropy,lr=0.001,optimizer=nadam,unit1=256,unit2=128	act1=relu,act2=relu,act3=relu,act4=relu,act5=relu,act6=softmax,batch_size=512,bi1=zeros,bi2=zeros,bi3=zeros,bi4=zeros,bi5=zeros,bi6=zeros,epochs=50,ki1=glorot_uniform,ki2=glorot_uniform,ki3=glorot_uniform,ki4=glorot_uniform,ki5=glorot_uniform,ki6=glorot_uniform,layer1=1,layer2=1,loss=sparse_categorical_crossentropy,lr=0.001,optimizer=nadam,unit1=256,unit2=128	True
140	579	[0.71, 0.71, 0.72, 0.71, 0.7, 0.69, 0.69, 0.69, 0.71, 0.7]	[0.7, 0.69, 0.7, 0.73, 0.71, 0.7, 0.7, 0.71, 0.68, 0.7]	act1=relu,act2=relu,act3=relu,act4=relu,act5=relu,act6=softmax,batch_size=64,bi1=zeros,bi2=zeros,bi3=zeros,bi4=zeros,bi5=zeros,bi6=zeros,epochs=50,ki1=glorot_uniform,ki2=glorot_uniform,ki3=glorot_uniform,ki4=glorot_uniform,ki5=glorot_uniform,ki6=glorot_uniform,layer1=1,layer2=1,loss=sparse_categorical_crossentropy,lr=0.001,optimizer=nadam,unit1=256,unit2=128	act1=relu,act2=relu,act3=relu,act4=relu,act5=relu,act6=softmax,batch_size=64,bi1=zeros,bi2=zeros,bi3=zeros,bi4=zeros,bi5=zeros,bi6=zeros,epochs=50,ki1=glorot_uniform,ki2=glorot_uniform,ki3=glorot_uniform,ki4=glorot_uniform,ki5=glorot_uniform,ki6=glorot_uniform,layer1=2,layer2=1,loss=sparse_categorical_crossentropy,lr=0.001,optimizer=nadam,unit1=256,unit2=128	True
140	558	[0.71, 0.71, 0.72, 0.71, 0.7, 0.69, 0.69, 0.69, 0.71, 0.7]	[0.72, 0.71, 0.69, 0.72, 0.72, 0.72, 0.7, 0.71, 0.72, 0.71]	act1=relu,act2=relu,act3=relu,act4=relu,act5=relu,act6=softmax,batch_size=64,bi1=zeros,bi2=zeros,bi3=zeros,bi4=zeros,bi5=zeros,bi6=zeros,epochs=50,ki1=glorot_uniform,ki2=glorot_uniform,ki3=glorot_uniform,ki4=glorot_uniform,ki5=glorot_uniform,ki6=glorot_uniform,layer1=1,layer2=1,loss=sparse_categorical_crossentropy,lr=0.001,optimizer=nadam,unit1=256,unit2=128	act1=relu,act2=relu,act3=relu,act4=relu,act5=relu,act6=softmax,batch_size=256,bi1=zeros,bi2=zeros,bi3=zeros,bi4=zeros,bi5=zeros,bi6=zeros,epochs=50,ki1=glorot_uniform,ki2=glorot_uniform,ki3=glorot_uniform,ki4=glorot_uniform,ki5=glorot_uniform,ki6=glorot_uniform,layer1=1,layer2=1,loss=sparse_categorical_crossentropy,lr=0.001,optimizer=nadam,unit1=256,unit2=128	True
