parent_node_id	current_node_id	parent_accs	current_node_accs	parent_node_param_string	current_node_param_string	is_gt
0	25	[0.1, 0.09, 0.11, 0.09, 0.09, 0.11, 0.11, 0.09, 0.11, 0.09]	[0.71, 0.7, 0.7, 0.68, 0.69, 0.67, 0.69, 0.7, 0.68, 0.69]	act1=relu,act2=relu,act3=relu,act4=relu,act5=relu,act6=softmax,batch_size=64,bi1=zeros,bi2=zeros,bi3=zeros,bi4=zeros,bi5=zeros,bi6=zeros,epochs=50,ki1=glorot_uniform,ki2=zeros,ki3=glorot_uniform,ki4=glorot_uniform,ki5=glorot_uniform,ki6=glorot_uniform,layer1=1,layer2=1,loss=sparse_categorical_crossentropy,lr=0.001,optimizer=adam,unit1=256,unit2=128	act1=relu,act2=relu,act3=relu,act4=relu,act5=relu,act6=softmax,batch_size=64,bi1=zeros,bi2=zeros,bi3=zeros,bi4=zeros,bi5=zeros,bi6=zeros,epochs=50,ki1=glorot_uniform,ki2=he_normal,ki3=glorot_uniform,ki4=glorot_uniform,ki5=glorot_uniform,ki6=glorot_uniform,layer1=1,layer2=1,loss=sparse_categorical_crossentropy,lr=0.001,optimizer=adam,unit1=256,unit2=128	False
0	27	[0.1, 0.09, 0.11, 0.09, 0.09, 0.11, 0.11, 0.09, 0.11, 0.09]	[0.69, 0.7, 0.69, 0.7, 0.68, 0.69, 0.69, 0.69, 0.68, 0.66]	act1=relu,act2=relu,act3=relu,act4=relu,act5=relu,act6=softmax,batch_size=64,bi1=zeros,bi2=zeros,bi3=zeros,bi4=zeros,bi5=zeros,bi6=zeros,epochs=50,ki1=glorot_uniform,ki2=zeros,ki3=glorot_uniform,ki4=glorot_uniform,ki5=glorot_uniform,ki6=glorot_uniform,layer1=1,layer2=1,loss=sparse_categorical_crossentropy,lr=0.001,optimizer=adam,unit1=256,unit2=128	act1=relu,act2=relu,act3=relu,act4=relu,act5=relu,act6=softmax,batch_size=64,bi1=zeros,bi2=zeros,bi3=zeros,bi4=zeros,bi5=zeros,bi6=zeros,epochs=50,ki1=glorot_uniform,ki2=random_normal,ki3=glorot_uniform,ki4=glorot_uniform,ki5=glorot_uniform,ki6=glorot_uniform,layer1=1,layer2=1,loss=sparse_categorical_crossentropy,lr=0.001,optimizer=adam,unit1=256,unit2=128	False
0	26	[0.1, 0.09, 0.11, 0.09, 0.09, 0.11, 0.11, 0.09, 0.11, 0.09]	[0.69, 0.67, 0.69, 0.69, 0.68, 0.68, 0.7, 0.69, 0.68, 0.68]	act1=relu,act2=relu,act3=relu,act4=relu,act5=relu,act6=softmax,batch_size=64,bi1=zeros,bi2=zeros,bi3=zeros,bi4=zeros,bi5=zeros,bi6=zeros,epochs=50,ki1=glorot_uniform,ki2=zeros,ki3=glorot_uniform,ki4=glorot_uniform,ki5=glorot_uniform,ki6=glorot_uniform,layer1=1,layer2=1,loss=sparse_categorical_crossentropy,lr=0.001,optimizer=adam,unit1=256,unit2=128	act1=relu,act2=relu,act3=relu,act4=relu,act5=relu,act6=softmax,batch_size=64,bi1=zeros,bi2=zeros,bi3=zeros,bi4=zeros,bi5=zeros,bi6=zeros,epochs=50,ki1=glorot_uniform,ki2=glorot_normal,ki3=glorot_uniform,ki4=glorot_uniform,ki5=glorot_uniform,ki6=glorot_uniform,layer1=1,layer2=1,loss=sparse_categorical_crossentropy,lr=0.001,optimizer=adam,unit1=256,unit2=128	False
0	28	[0.1, 0.09, 0.11, 0.09, 0.09, 0.11, 0.11, 0.09, 0.11, 0.09]	[0.67, 0.69, 0.69, 0.68, 0.68, 0.66, 0.68, 0.68, 0.68, 0.68]	act1=relu,act2=relu,act3=relu,act4=relu,act5=relu,act6=softmax,batch_size=64,bi1=zeros,bi2=zeros,bi3=zeros,bi4=zeros,bi5=zeros,bi6=zeros,epochs=50,ki1=glorot_uniform,ki2=zeros,ki3=glorot_uniform,ki4=glorot_uniform,ki5=glorot_uniform,ki6=glorot_uniform,layer1=1,layer2=1,loss=sparse_categorical_crossentropy,lr=0.001,optimizer=adam,unit1=256,unit2=128	act1=relu,act2=relu,act3=relu,act4=relu,act5=relu,act6=softmax,batch_size=64,bi1=zeros,bi2=he_normal,bi3=zeros,bi4=zeros,bi5=zeros,bi6=zeros,epochs=50,ki1=glorot_uniform,ki2=zeros,ki3=glorot_uniform,ki4=glorot_uniform,ki5=glorot_uniform,ki6=glorot_uniform,layer1=1,layer2=1,loss=sparse_categorical_crossentropy,lr=0.001,optimizer=adam,unit1=256,unit2=128	False
0	29	[0.1, 0.09, 0.11, 0.09, 0.09, 0.11, 0.11, 0.09, 0.11, 0.09]	[0.67, 0.68, 0.67, 0.68, 0.68, 0.68, 0.67, 0.69, 0.68, 0.67]	act1=relu,act2=relu,act3=relu,act4=relu,act5=relu,act6=softmax,batch_size=64,bi1=zeros,bi2=zeros,bi3=zeros,bi4=zeros,bi5=zeros,bi6=zeros,epochs=50,ki1=glorot_uniform,ki2=zeros,ki3=glorot_uniform,ki4=glorot_uniform,ki5=glorot_uniform,ki6=glorot_uniform,layer1=1,layer2=1,loss=sparse_categorical_crossentropy,lr=0.001,optimizer=adam,unit1=256,unit2=128	act1=relu,act2=relu,act3=relu,act4=relu,act5=relu,act6=softmax,batch_size=64,bi1=zeros,bi2=glorot_normal,bi3=zeros,bi4=zeros,bi5=zeros,bi6=zeros,epochs=50,ki1=glorot_uniform,ki2=zeros,ki3=glorot_uniform,ki4=glorot_uniform,ki5=glorot_uniform,ki6=glorot_uniform,layer1=1,layer2=1,loss=sparse_categorical_crossentropy,lr=0.001,optimizer=adam,unit1=256,unit2=128	False
25	138	[0.71, 0.7, 0.7, 0.68, 0.69, 0.67, 0.69, 0.7, 0.68, 0.69]	[0.7, 0.71, 0.69, 0.7, 0.71, 0.71, 0.69, 0.7, 0.71, 0.69]	act1=relu,act2=relu,act3=relu,act4=relu,act5=relu,act6=softmax,batch_size=64,bi1=zeros,bi2=zeros,bi3=zeros,bi4=zeros,bi5=zeros,bi6=zeros,epochs=50,ki1=glorot_uniform,ki2=he_normal,ki3=glorot_uniform,ki4=glorot_uniform,ki5=glorot_uniform,ki6=glorot_uniform,layer1=1,layer2=1,loss=sparse_categorical_crossentropy,lr=0.001,optimizer=adam,unit1=256,unit2=128	act1=relu,act2=relu,act3=relu,act4=relu,act5=relu,act6=softmax,batch_size=64,bi1=zeros,bi2=zeros,bi3=zeros,bi4=zeros,bi5=zeros,bi6=zeros,epochs=50,ki1=glorot_uniform,ki2=he_normal,ki3=glorot_uniform,ki4=glorot_uniform,ki5=glorot_uniform,ki6=glorot_uniform,layer1=1,layer2=1,loss=sparse_categorical_crossentropy,lr=0.001,optimizer=adamax,unit1=256,unit2=128	True
25	116	[0.71, 0.7, 0.7, 0.68, 0.69, 0.67, 0.69, 0.7, 0.68, 0.69]	[0.69, 0.7, 0.7, 0.7, 0.69, 0.69, 0.7, 0.69, 0.71, 0.69]	act1=relu,act2=relu,act3=relu,act4=relu,act5=relu,act6=softmax,batch_size=64,bi1=zeros,bi2=zeros,bi3=zeros,bi4=zeros,bi5=zeros,bi6=zeros,epochs=50,ki1=glorot_uniform,ki2=he_normal,ki3=glorot_uniform,ki4=glorot_uniform,ki5=glorot_uniform,ki6=glorot_uniform,layer1=1,layer2=1,loss=sparse_categorical_crossentropy,lr=0.001,optimizer=adam,unit1=256,unit2=128	act1=relu,act2=relu,act3=relu,act4=relu,act5=relu,act6=softmax,batch_size=64,bi1=zeros,bi2=zeros,bi3=zeros,bi4=zeros,bi5=zeros,bi6=zeros,epochs=50,ki1=glorot_uniform,ki2=he_normal,ki3=random_normal,ki4=glorot_uniform,ki5=glorot_uniform,ki6=glorot_uniform,layer1=1,layer2=1,loss=sparse_categorical_crossentropy,lr=0.001,optimizer=adam,unit1=256,unit2=128	False
25	127	[0.71, 0.7, 0.7, 0.68, 0.69, 0.67, 0.69, 0.7, 0.68, 0.69]	[0.7, 0.69, 0.69, 0.69, 0.71, 0.7, 0.72, 0.69, 0.69, 0.68]	act1=relu,act2=relu,act3=relu,act4=relu,act5=relu,act6=softmax,batch_size=64,bi1=zeros,bi2=zeros,bi3=zeros,bi4=zeros,bi5=zeros,bi6=zeros,epochs=50,ki1=glorot_uniform,ki2=he_normal,ki3=glorot_uniform,ki4=glorot_uniform,ki5=glorot_uniform,ki6=glorot_uniform,layer1=1,layer2=1,loss=sparse_categorical_crossentropy,lr=0.001,optimizer=adam,unit1=256,unit2=128	act1=relu,act2=relu,act3=relu,act4=relu,act5=relu,act6=softmax,batch_size=64,bi1=zeros,bi2=zeros,bi3=zeros,bi4=zeros,bi5=zeros,bi6=zeros,epochs=50,ki1=glorot_uniform,ki2=he_normal,ki3=glorot_uniform,ki4=glorot_uniform,ki5=glorot_normal,ki6=glorot_uniform,layer1=1,layer2=1,loss=sparse_categorical_crossentropy,lr=0.001,optimizer=adam,unit1=256,unit2=128	False
25	139	[0.71, 0.7, 0.7, 0.68, 0.69, 0.67, 0.69, 0.7, 0.68, 0.69]	[0.7, 0.69, 0.71, 0.7, 0.69, 0.7, 0.7, 0.68, 0.69, 0.7]	act1=relu,act2=relu,act3=relu,act4=relu,act5=relu,act6=softmax,batch_size=64,bi1=zeros,bi2=zeros,bi3=zeros,bi4=zeros,bi5=zeros,bi6=zeros,epochs=50,ki1=glorot_uniform,ki2=he_normal,ki3=glorot_uniform,ki4=glorot_uniform,ki5=glorot_uniform,ki6=glorot_uniform,layer1=1,layer2=1,loss=sparse_categorical_crossentropy,lr=0.001,optimizer=adam,unit1=256,unit2=128	act1=relu,act2=relu,act3=relu,act4=relu,act5=relu,act6=softmax,batch_size=64,bi1=zeros,bi2=zeros,bi3=zeros,bi4=zeros,bi5=zeros,bi6=zeros,epochs=50,ki1=glorot_uniform,ki2=he_normal,ki3=glorot_uniform,ki4=glorot_uniform,ki5=glorot_uniform,ki6=glorot_uniform,layer1=1,layer2=1,loss=sparse_categorical_crossentropy,lr=0.001,optimizer=nadam,unit1=256,unit2=128	False
25	168	[0.71, 0.7, 0.7, 0.68, 0.69, 0.67, 0.69, 0.7, 0.68, 0.69]	[0.69, 0.71, 0.7, 0.68, 0.7, 0.69, 0.7, 0.69, 0.7, 0.7]	act1=relu,act2=relu,act3=relu,act4=relu,act5=relu,act6=softmax,batch_size=64,bi1=zeros,bi2=zeros,bi3=zeros,bi4=zeros,bi5=zeros,bi6=zeros,epochs=50,ki1=glorot_uniform,ki2=he_normal,ki3=glorot_uniform,ki4=glorot_uniform,ki5=glorot_uniform,ki6=glorot_uniform,layer1=1,layer2=1,loss=sparse_categorical_crossentropy,lr=0.001,optimizer=adam,unit1=256,unit2=128	act1=relu,act2=relu,act3=relu,act4=relu,act5=relu,act6=softmax,batch_size=64,bi1=zeros,bi2=zeros,bi3=zeros,bi4=zeros,bi5=zeros,bi6=zeros,epochs=50,ki1=glorot_uniform,ki2=he_normal,ki3=glorot_uniform,ki4=glorot_uniform,ki5=glorot_uniform,ki6=glorot_uniform,layer1=1,layer2=0,loss=sparse_categorical_crossentropy,lr=0.001,optimizer=adam,unit1=256,unit2=128	False
27	222	[0.69, 0.7, 0.69, 0.7, 0.68, 0.69, 0.69, 0.69, 0.68, 0.66]	[0.7, 0.71, 0.71, 0.7, 0.72, 0.68, 0.7, 0.71, 0.71, 0.71]	act1=relu,act2=relu,act3=relu,act4=relu,act5=relu,act6=softmax,batch_size=64,bi1=zeros,bi2=zeros,bi3=zeros,bi4=zeros,bi5=zeros,bi6=zeros,epochs=50,ki1=glorot_uniform,ki2=random_normal,ki3=glorot_uniform,ki4=glorot_uniform,ki5=glorot_uniform,ki6=glorot_uniform,layer1=1,layer2=1,loss=sparse_categorical_crossentropy,lr=0.001,optimizer=adam,unit1=256,unit2=128	act1=relu,act2=relu,act3=relu,act4=relu,act5=relu,act6=softmax,batch_size=64,bi1=zeros,bi2=zeros,bi3=zeros,bi4=zeros,bi5=zeros,bi6=zeros,epochs=50,ki1=glorot_uniform,ki2=random_normal,ki3=glorot_uniform,ki4=glorot_uniform,ki5=glorot_uniform,ki6=glorot_uniform,layer1=1,layer2=1,loss=sparse_categorical_crossentropy,lr=0.001,optimizer=nadam,unit1=256,unit2=128	True
27	221	[0.69, 0.7, 0.69, 0.7, 0.68, 0.69, 0.69, 0.69, 0.68, 0.66]	[0.7, 0.7, 0.7, 0.71, 0.72, 0.69, 0.71, 0.69, 0.7, 0.71]	act1=relu,act2=relu,act3=relu,act4=relu,act5=relu,act6=softmax,batch_size=64,bi1=zeros,bi2=zeros,bi3=zeros,bi4=zeros,bi5=zeros,bi6=zeros,epochs=50,ki1=glorot_uniform,ki2=random_normal,ki3=glorot_uniform,ki4=glorot_uniform,ki5=glorot_uniform,ki6=glorot_uniform,layer1=1,layer2=1,loss=sparse_categorical_crossentropy,lr=0.001,optimizer=adam,unit1=256,unit2=128	act1=relu,act2=relu,act3=relu,act4=relu,act5=relu,act6=softmax,batch_size=64,bi1=zeros,bi2=zeros,bi3=zeros,bi4=zeros,bi5=zeros,bi6=zeros,epochs=50,ki1=glorot_uniform,ki2=random_normal,ki3=glorot_uniform,ki4=glorot_uniform,ki5=glorot_uniform,ki6=glorot_uniform,layer1=1,layer2=1,loss=sparse_categorical_crossentropy,lr=0.001,optimizer=adamax,unit1=256,unit2=128	True
27	180	[0.69, 0.7, 0.69, 0.7, 0.68, 0.69, 0.69, 0.69, 0.68, 0.66]	[0.69, 0.7, 0.7, 0.71, 0.71, 0.68, 0.71, 0.69, 0.71, 0.71]	act1=relu,act2=relu,act3=relu,act4=relu,act5=relu,act6=softmax,batch_size=64,bi1=zeros,bi2=zeros,bi3=zeros,bi4=zeros,bi5=zeros,bi6=zeros,epochs=50,ki1=glorot_uniform,ki2=random_normal,ki3=glorot_uniform,ki4=glorot_uniform,ki5=glorot_uniform,ki6=glorot_uniform,layer1=1,layer2=1,loss=sparse_categorical_crossentropy,lr=0.001,optimizer=adam,unit1=256,unit2=128	act1=relu,act2=relu,act3=relu,act4=exponential,act5=relu,act6=softmax,batch_size=64,bi1=zeros,bi2=zeros,bi3=zeros,bi4=zeros,bi5=zeros,bi6=zeros,epochs=50,ki1=glorot_uniform,ki2=random_normal,ki3=glorot_uniform,ki4=glorot_uniform,ki5=glorot_uniform,ki6=glorot_uniform,layer1=1,layer2=1,loss=sparse_categorical_crossentropy,lr=0.001,optimizer=adam,unit1=256,unit2=128	True
27	228	[0.69, 0.7, 0.69, 0.7, 0.68, 0.69, 0.69, 0.69, 0.68, 0.66]	[0.7, 0.71, 0.71, 0.7, 0.7, 0.71, 0.69, 0.68, 0.71, 0.7]	act1=relu,act2=relu,act3=relu,act4=relu,act5=relu,act6=softmax,batch_size=64,bi1=zeros,bi2=zeros,bi3=zeros,bi4=zeros,bi5=zeros,bi6=zeros,epochs=50,ki1=glorot_uniform,ki2=random_normal,ki3=glorot_uniform,ki4=glorot_uniform,ki5=glorot_uniform,ki6=glorot_uniform,layer1=1,layer2=1,loss=sparse_categorical_crossentropy,lr=0.001,optimizer=adam,unit1=256,unit2=128	act1=relu,act2=relu,act3=relu,act4=relu,act5=relu,act6=softmax,batch_size=128,bi1=zeros,bi2=zeros,bi3=zeros,bi4=zeros,bi5=zeros,bi6=zeros,epochs=50,ki1=glorot_uniform,ki2=random_normal,ki3=glorot_uniform,ki4=glorot_uniform,ki5=glorot_uniform,ki6=glorot_uniform,layer1=1,layer2=1,loss=sparse_categorical_crossentropy,lr=0.001,optimizer=adam,unit1=256,unit2=128	True
27	245	[0.69, 0.7, 0.69, 0.7, 0.68, 0.69, 0.69, 0.69, 0.68, 0.66]	[0.71, 0.69, 0.69, 0.69, 0.68, 0.72, 0.7, 0.7, 0.7, 0.71]	act1=relu,act2=relu,act3=relu,act4=relu,act5=relu,act6=softmax,batch_size=64,bi1=zeros,bi2=zeros,bi3=zeros,bi4=zeros,bi5=zeros,bi6=zeros,epochs=50,ki1=glorot_uniform,ki2=random_normal,ki3=glorot_uniform,ki4=glorot_uniform,ki5=glorot_uniform,ki6=glorot_uniform,layer1=1,layer2=1,loss=sparse_categorical_crossentropy,lr=0.001,optimizer=adam,unit1=256,unit2=128	act1=relu,act2=relu,act3=relu,act4=relu,act5=relu,act6=softmax,batch_size=64,bi1=zeros,bi2=zeros,bi3=zeros,bi4=zeros,bi5=zeros,bi6=zeros,epochs=50,ki1=glorot_uniform,ki2=random_normal,ki3=glorot_uniform,ki4=glorot_uniform,ki5=glorot_uniform,ki6=glorot_uniform,layer1=1,layer2=1,loss=sparse_categorical_crossentropy,lr=0.001,optimizer=adam,unit1=512,unit2=128	True
26	304	[0.69, 0.67, 0.69, 0.69, 0.68, 0.68, 0.7, 0.69, 0.68, 0.68]	[0.71, 0.71, 0.7, 0.71, 0.71, 0.71, 0.7, 0.7, 0.71, 0.69]	act1=relu,act2=relu,act3=relu,act4=relu,act5=relu,act6=softmax,batch_size=64,bi1=zeros,bi2=zeros,bi3=zeros,bi4=zeros,bi5=zeros,bi6=zeros,epochs=50,ki1=glorot_uniform,ki2=glorot_normal,ki3=glorot_uniform,ki4=glorot_uniform,ki5=glorot_uniform,ki6=glorot_uniform,layer1=1,layer2=1,loss=sparse_categorical_crossentropy,lr=0.001,optimizer=adam,unit1=256,unit2=128	act1=relu,act2=relu,act3=relu,act4=relu,act5=relu,act6=softmax,batch_size=64,bi1=zeros,bi2=zeros,bi3=zeros,bi4=zeros,bi5=zeros,bi6=zeros,epochs=50,ki1=glorot_uniform,ki2=glorot_normal,ki3=glorot_uniform,ki4=glorot_uniform,ki5=glorot_uniform,ki6=glorot_uniform,layer1=1,layer2=1,loss=sparse_categorical_crossentropy,lr=0.001,optimizer=adamax,unit1=256,unit2=128	True
26	305	[0.69, 0.67, 0.69, 0.69, 0.68, 0.68, 0.7, 0.69, 0.68, 0.68]	[0.7, 0.7, 0.7, 0.7, 0.7, 0.69, 0.71, 0.7, 0.7, 0.71]	act1=relu,act2=relu,act3=relu,act4=relu,act5=relu,act6=softmax,batch_size=64,bi1=zeros,bi2=zeros,bi3=zeros,bi4=zeros,bi5=zeros,bi6=zeros,epochs=50,ki1=glorot_uniform,ki2=glorot_normal,ki3=glorot_uniform,ki4=glorot_uniform,ki5=glorot_uniform,ki6=glorot_uniform,layer1=1,layer2=1,loss=sparse_categorical_crossentropy,lr=0.001,optimizer=adam,unit1=256,unit2=128	act1=relu,act2=relu,act3=relu,act4=relu,act5=relu,act6=softmax,batch_size=64,bi1=zeros,bi2=zeros,bi3=zeros,bi4=zeros,bi5=zeros,bi6=zeros,epochs=50,ki1=glorot_uniform,ki2=glorot_normal,ki3=glorot_uniform,ki4=glorot_uniform,ki5=glorot_uniform,ki6=glorot_uniform,layer1=1,layer2=1,loss=sparse_categorical_crossentropy,lr=0.001,optimizer=nadam,unit1=256,unit2=128	True
26	263	[0.69, 0.67, 0.69, 0.69, 0.68, 0.68, 0.7, 0.69, 0.68, 0.68]	[0.7, 0.7, 0.69, 0.7, 0.69, 0.72, 0.71, 0.71, 0.7, 0.68]	act1=relu,act2=relu,act3=relu,act4=relu,act5=relu,act6=softmax,batch_size=64,bi1=zeros,bi2=zeros,bi3=zeros,bi4=zeros,bi5=zeros,bi6=zeros,epochs=50,ki1=glorot_uniform,ki2=glorot_normal,ki3=glorot_uniform,ki4=glorot_uniform,ki5=glorot_uniform,ki6=glorot_uniform,layer1=1,layer2=1,loss=sparse_categorical_crossentropy,lr=0.001,optimizer=adam,unit1=256,unit2=128	act1=relu,act2=relu,act3=relu,act4=exponential,act5=relu,act6=softmax,batch_size=64,bi1=zeros,bi2=zeros,bi3=zeros,bi4=zeros,bi5=zeros,bi6=zeros,epochs=50,ki1=glorot_uniform,ki2=glorot_normal,ki3=glorot_uniform,ki4=glorot_uniform,ki5=glorot_uniform,ki6=glorot_uniform,layer1=1,layer2=1,loss=sparse_categorical_crossentropy,lr=0.001,optimizer=adam,unit1=256,unit2=128	True
26	328	[0.69, 0.67, 0.69, 0.69, 0.68, 0.68, 0.7, 0.69, 0.68, 0.68]	[0.71, 0.7, 0.69, 0.7, 0.69, 0.71, 0.7, 0.69, 0.7, 0.71]	act1=relu,act2=relu,act3=relu,act4=relu,act5=relu,act6=softmax,batch_size=64,bi1=zeros,bi2=zeros,bi3=zeros,bi4=zeros,bi5=zeros,bi6=zeros,epochs=50,ki1=glorot_uniform,ki2=glorot_normal,ki3=glorot_uniform,ki4=glorot_uniform,ki5=glorot_uniform,ki6=glorot_uniform,layer1=1,layer2=1,loss=sparse_categorical_crossentropy,lr=0.001,optimizer=adam,unit1=256,unit2=128	act1=relu,act2=relu,act3=relu,act4=relu,act5=relu,act6=softmax,batch_size=64,bi1=zeros,bi2=zeros,bi3=zeros,bi4=zeros,bi5=zeros,bi6=zeros,epochs=50,ki1=glorot_uniform,ki2=glorot_normal,ki3=glorot_uniform,ki4=glorot_uniform,ki5=glorot_uniform,ki6=glorot_uniform,layer1=1,layer2=1,loss=sparse_categorical_crossentropy,lr=0.001,optimizer=adam,unit1=512,unit2=128	True
